[ {
  "fecha" : "2023-11",
  "indicativo" : "1387E",
  "p_max" : "36.4(13)",
  "n_cub" : "18",
  "hr" : "83",
  "n_gra" : "1",
  "n_fog" : "8",
  "inso" : "2.7",
  "q_max" : "1019.8(22)",
  "nw_55" : "8",
  "q_mar" : "1016.6",
  "q_med" : "1004.3",
  "tm_min" : "10.3",
  "ta_max" : "20.2(11)",
  "ts_min" : "17.4",
  "nt_30" : "0",
  "nv_0050" : "0",
  "n_des" : "3",
  "w_racha" : "28/23.6(02)",
  "np_100" : "7",
  "n_nub" : "9",
  "p_sol" : "28",
  "nw_91" : "0",
  "np_001" : "24",
  "ta_min" : "2.5(24)",
  "w_rec" : "343",
  "e" : "132",
  "np_300" : "1",
  "nv_1000" : "3",
  "p_mes" : "184.3",
  "n_llu" : "22",
  "n_tor" : "2",
  "w_med" : "15",
  "nt_00" : "0",
  "ti_max" : "12.5",
  "n_nie" : "0",
  "tm_mes" : "13.6",
  "tm_max" : "16.9",
  "nv_0100" : "0",
  "q_min" : "978.8(04)",
  "np_010" : "17"
}, {
  "fecha" : "2023-10",
  "indicativo" : "1387E",
  "p_max" : "37.0(19)",
  "n_cub" : "7",
  "hr" : "77",
  "n_gra" : "0",
  "n_fog" : "9",
  "inso" : "4.8",
  "q_max" : "1016.4(03)",
  "nw_55" : "12",
  "q_mar" : "1011.0",
  "q_med" : "998.9",
  "tm_min" : "13.5",
  "ta_max" : "33.9(07)",
  "ts_min" : "18.6",
  "nt_30" : "2",
  "nv_0050" : "0",
  "n_des" : "5",
  "w_racha" : "31/27.2(20)",
  "np_100" : "9",
  "n_nub" : "19",
  "p_sol" : "43",
  "nw_91" : "1",
  "np_001" : "22",
  "ta_min" : "9.2(22)",
  "w_rec" : "342",
  "e" : "157",
  "np_300" : "2",
  "nv_1000" : "3",
  "p_mes" : "212.3",
  "n_llu" : "21",
  "n_tor" : "1",
  "w_med" : "14",
  "nt_00" : "0",
  "ti_max" : "16.2",
  "n_nie" : "0",
  "tm_mes" : "17.9",
  "tm_max" : "22.2",
  "nv_0100" : "0",
  "q_min" : "973.0(19)",
  "np_010" : "19"
}, {
  "fecha" : "2023-12",
  "indicativo" : "1387E",
  "p_max" : "50.1(27)",
  "n_cub" : "9",
  "hr" : "82",
  "n_gra" : "0",
  "n_fog" : "14",
  "inso" : "2.6",
  "q_max" : "1027.3(20)",
  "nw_55" : "7",
  "q_mar" : "1023.4",
  "q_med" : "1010.9",
  "tm_min" : "7.0",
  "ta_max" : "19.4(10)",
  "ts_min" : "16.5",
  "nt_30" : "0",
  "nv_0050" : "0",
  "n_des" : "4",
  "w_racha" : "31/24.2(30)",
  "np_100" : "3",
  "n_nub" : "18",
  "p_sol" : "29",
  "nw_91" : "0",
  "np_001" : "23",
  "ta_min" : "0.1(17)",
  "w_rec" : "301",
  "e" : "111",
  "np_300" : "1",
  "nv_1000" : "5",
  "p_mes" : "147.1",
  "n_llu" : "19",
  "n_tor" : "0",
  "w_med" : "13",
  "nt_00" : "0",
  "ti_max" : "10.6",
  "n_nie" : "0",
  "tm_mes" : "10.8",
  "tm_max" : "14.5",
  "nv_0100" : "0",
  "q_min" : "988.0(01)",
  "np_010" : "16"
}, {
  "fecha" : "2023-13",
  "indicativo" : "1387E",
  "p_max" : "50.1(27/dic)",
  "n_cub" : "88",
  "inso" : "6.3",
  "q_max" : "1027.3(20/dic)",
  "nw_55" : "61",
  "q_mar" : "1018.6",
  "q_med" : "1006.4",
  "tm_min" : "10.7",
  "ta_max" : "37.2(23/ago)",
  "ts_min" : "21.1",
  "nt_30" : "11",
  "nv_0050" : "0",
  "n_des" : "43",
  "w_racha" : "32/30.8(17/ene)",
  "np_100" : "33",
  "n_nub" : "234",
  "p_sol" : "50",
  "nw_91" : "3",
  "np_001" : "181",
  "ta_min" : "-2.3(31/ene)",
  "w_rec" : "297",
  "e" : "138",
  "np_300" : "4",
  "nv_1000" : "28",
  "p_mes" : "983.7",
  "w_med" : "14",
  "nt_00" : "18",
  "ti_max" : "9.1",
  "tm_mes" : "15.3",
  "tm_max" : "19.9",
  "nv_0100" : "0",
  "q_min" : "973.0(19/oct)",
  "np_010" : "118"
}, {
  "fecha" : "2023-1",
  "indicativo" : "1387E",
  "p_max" : "20.9(19)",
  "n_cub" : "10",
  "hr" : "79",
  "n_gra" : "2",
  "n_fog" : "7",
  "inso" : "3.8",
  "q_max" : "1022.3(04)",
  "nw_55" : "11",
  "q_mar" : "1024.5",
  "q_med" : "1011.9",
  "tm_min" : "5.9",
  "ta_max" : "16.1(10)",
  "ts_min" : "11.3",
  "nt_30" : "0",
  "nv_0050" : "0",
  "n_des" : "3",
  "w_racha" : "32/30.8(17)",
  "np_100" : "6",
  "n_nub" : "18",
  "p_sol" : "40",
  "nw_91" : "2",
  "np_001" : "18",
  "ta_min" : "-2.3(31)",
  "w_rec" : "365",
  "e" : "99",
  "np_300" : "0",
  "nv_1000" : "2",
  "p_mes" : "132.0",
  "n_llu" : "16",
  "n_tor" : "1",
  "w_med" : "15",
  "nt_00" : "4",
  "ti_max" : "9.7",
  "n_nie" : "0",
  "tm_mes" : "9.5",
  "tm_max" : "13.0",
  "nv_0100" : "0",
  "q_min" : "988.8(16)",
  "np_010" : "14"
}, {
  "fecha" : "2023-2",
  "indicativo" : "1387E",
  "p_max" : "9.8(23)",
  "n_cub" : "8",
  "hr" : "71",
  "n_gra" : "1",
  "n_fog" : "10",
  "inso" : "6.8",
  "q_max" : "1024.8(04)",
  "nw_55" : "0",
  "q_mar" : "1025.7",
  "q_med" : "1013.1",
  "tm_min" : "2.0",
  "ta_max" : "20.3(14)",
  "ts_min" : "10.1",
  "nt_30" : "0",
  "nv_0050" : "0",
  "n_des" : "11",
  "w_racha" : "36/14.4(22)",
  "np_100" : "0",
  "n_nub" : "9",
  "p_sol" : "66",
  "nw_91" : "0",
  "np_001" : "7",
  "ta_min" : "-1.6(05)",
  "w_rec" : "216",
  "e" : "81",
  "np_300" : "0",
  "nv_1000" : "3",
  "p_mes" : "39.0",
  "n_llu" : "6",
  "n_tor" : "0",
  "w_med" : "9",
  "nt_00" : "11",
  "ti_max" : "9.1",
  "n_nie" : "0",
  "tm_mes" : "8.5",
  "tm_max" : "14.8",
  "nv_0100" : "0",
  "q_min" : "993.8(25)",
  "np_010" : "5"
}, {
  "fecha" : "2023-3",
  "indicativo" : "1387E",
  "p_max" : "13.7(23)",
  "n_cub" : "8",
  "hr" : "72",
  "n_gra" : "0",
  "n_fog" : "5",
  "inso" : "6.2",
  "q_max" : "1015.0(26)",
  "nw_55" : "13",
  "q_mar" : "1016.6",
  "q_med" : "1004.3",
  "tm_min" : "8.2",
  "ta_max" : "22.6(28)",
  "ts_min" : "15.1",
  "nt_30" : "0",
  "nv_0050" : "0",
  "n_des" : "4",
  "w_racha" : "19/24.7(29)",
  "np_100" : "1",
  "n_nub" : "19",
  "p_sol" : "52",
  "nw_91" : "0",
  "np_001" : "19",
  "ta_min" : "-2.3(02)",
  "w_rec" : "389",
  "e" : "109",
  "np_300" : "0",
  "nv_1000" : "1",
  "p_mes" : "39.5",
  "n_llu" : "18",
  "n_tor" : "1",
  "w_med" : "18",
  "nt_00" : "3",
  "ti_max" : "10.3",
  "n_nie" : "0",
  "tm_mes" : "12.5",
  "tm_max" : "16.8",
  "nv_0100" : "0",
  "q_min" : "989.3(08)",
  "np_010" : "9"
}, {
  "fecha" : "2023-4",
  "indicativo" : "1387E",
  "p_max" : "9.6(13)",
  "n_cub" : "7",
  "hr" : "75",
  "n_gra" : "0",
  "n_fog" : "6",
  "inso" : "7.7",
  "q_max" : "1018.1(02)",
  "nw_55" : "1",
  "q_mar" : "1017.8",
  "q_med" : "1005.5",
  "tm_min" : "8.5",
  "ta_max" : "26.0(17)",
  "ts_min" : "14.6",
  "nt_30" : "0",
  "nv_0050" : "0",
  "n_des" : "1",
  "w_racha" : "22/16.9(22)",
  "np_100" : "0",
  "n_nub" : "22",
  "p_sol" : "58",
  "nw_91" : "0",
  "np_001" : "9",
  "ta_min" : "2.0(05)",
  "w_rec" : "255",
  "e" : "123",
  "np_300" : "0",
  "nv_1000" : "2",
  "p_mes" : "34.0",
  "n_llu" : "10",
  "n_tor" : "0",
  "w_med" : "12",
  "nt_00" : "0",
  "ti_max" : "13.9",
  "n_nie" : "0",
  "tm_mes" : "13.9",
  "tm_max" : "19.2",
  "nv_0100" : "0",
  "q_min" : "991.8(21)",
  "np_010" : "5"
}, {
  "fecha" : "2023-5",
  "indicativo" : "1387E",
  "p_max" : "6.9(06)",
  "n_cub" : "4",
  "n_gra" : "0",
  "n_fog" : "2",
  "inso" : "8.3",
  "q_max" : "1015.8(09)",
  "nw_55" : "2",
  "q_mar" : "1019.6",
  "q_med" : "1007.4",
  "tm_min" : "12.1",
  "ta_max" : "26.8(03)",
  "ts_min" : "15.3",
  "nt_30" : "0",
  "nv_0050" : "0",
  "n_des" : "2",
  "w_racha" : "18/16.9(03)",
  "np_100" : "0",
  "n_nub" : "25",
  "p_sol" : "57",
  "nw_91" : "0",
  "np_001" : "11",
  "ta_min" : "7.7(13)",
  "w_rec" : "298",
  "e" : "132",
  "np_300" : "0",
  "nv_1000" : "0",
  "p_mes" : "21.9",
  "n_llu" : "12",
  "n_tor" : "2",
  "w_med" : "14",
  "nt_00" : "0",
  "ti_max" : "16.2",
  "n_nie" : "0",
  "tm_mes" : "16.7",
  "tm_max" : "21.2",
  "nv_0100" : "0",
  "q_min" : "995.7(03)",
  "np_010" : "4"
}, {
  "fecha" : "2023-6",
  "indicativo" : "1387E",
  "p_max" : "11.6(17)",
  "n_cub" : "7",
  "hr" : "77",
  "n_gra" : "1",
  "n_fog" : "10",
  "inso" : "8.6",
  "q_max" : "1014.5(29)",
  "nw_55" : "0",
  "q_mar" : "1015.7",
  "q_med" : "1003.7",
  "tm_min" : "14.8",
  "ta_max" : "33.0(24)",
  "ts_min" : "17.6",
  "nt_30" : "2",
  "nv_0050" : "0",
  "n_des" : "3",
  "w_racha" : "21/15.0(09)",
  "np_100" : "3",
  "n_nub" : "20",
  "p_sol" : "56",
  "nw_91" : "0",
  "np_001" : "13",
  "ta_min" : "11.0(02)",
  "w_rec" : "231",
  "e" : "178",
  "np_300" : "0",
  "nv_1000" : "2",
  "p_mes" : "63.8",
  "n_llu" : "12",
  "n_tor" : "2",
  "w_med" : "11",
  "nt_00" : "0",
  "ti_max" : "21.5",
  "n_nie" : "0",
  "tm_mes" : "19.6",
  "tm_max" : "24.3",
  "nv_0100" : "0",
  "q_min" : "990.9(09)",
  "np_010" : "10"
}, {
  "fecha" : "2023-7",
  "indicativo" : "1387E",
  "p_max" : "3.1(07)",
  "n_cub" : "3",
  "hr" : "73",
  "n_gra" : "0",
  "n_fog" : "5",
  "inso" : "8.5",
  "q_max" : "1011.8(09)",
  "nw_55" : "2",
  "q_mar" : "1018.7",
  "q_med" : "1006.7",
  "tm_min" : "14.7",
  "ta_max" : "27.3(31)",
  "ts_min" : "19.0",
  "nt_30" : "0",
  "nv_0050" : "0",
  "n_des" : "2",
  "w_racha" : "20/18.6(07)",
  "np_100" : "0",
  "n_nub" : "26",
  "p_sol" : "57",
  "nw_91" : "0",
  "np_001" : "10",
  "ta_min" : "9.6(17)",
  "w_rec" : "287",
  "e" : "173",
  "np_300" : "0",
  "nv_1000" : "0",
  "p_mes" : "7.9",
  "n_llu" : "13",
  "n_tor" : "0",
  "w_med" : "15",
  "nt_00" : "0",
  "ti_max" : "21.4",
  "n_nie" : "0",
  "tm_mes" : "19.4",
  "tm_max" : "24.1",
  "nv_0100" : "0",
  "q_min" : "998.4(07)",
  "np_010" : "3"
}, {
  "fecha" : "2023-8",
  "indicativo" : "1387E",
  "p_max" : "3.4(30)",
  "n_cub" : "4",
  "hr" : "73",
  "inso" : "8.2",
  "q_max" : "1015.0(04)",
  "nw_55" : "1",
  "q_mar" : "1018.8",
  "q_med" : "1006.8",
  "tm_min" : "16.0",
  "ta_max" : "37.2(23)",
  "ts_min" : "21.1",
  "nt_30" : "5",
  "nv_0050" : "0",
  "n_des" : "3",
  "w_racha" : "20/22.2(18)",
  "np_100" : "0",
  "n_nub" : "24",
  "p_sol" : "58",
  "nw_91" : "0",
  "np_001" : "11",
  "ta_min" : "10.6(05)",
  "w_rec" : "266",
  "e" : "186",
  "np_300" : "0",
  "nv_1000" : "3",
  "p_mes" : "18.0",
  "w_med" : "13",
  "nt_00" : "0",
  "ti_max" : "21.9",
  "tm_mes" : "21.2",
  "tm_max" : "26.3",
  "nv_0100" : "0",
  "q_min" : "997.7(18)",
  "np_010" : "6"
}, {
  "fecha" : "2023-9",
  "indicativo" : "1387E",
  "p_max" : "16.1(08)",
  "n_cub" : "3",
  "hr" : "76",
  "n_gra" : "0",
  "n_fog" : "9",
  "inso" : "7.1",
  "q_max" : "1012.5(29)",
  "nw_55" : "4",
  "q_mar" : "1015.1",
  "q_med" : "1003.0",
  "tm_min" : "14.8",
  "ta_max" : "30.8(30)",
  "ts_min" : "19.1",
  "nt_30" : "2",
  "nv_0050" : "0",
  "n_des" : "2",
  "w_racha" : "20/19.7(20)",
  "np_100" : "4",
  "n_nub" : "25",
  "p_sol" : "57",
  "nw_91" : "0",
  "np_001" : "14",
  "ta_min" : "10.7(23)",
  "w_rec" : "273",
  "e" : "177",
  "np_300" : "0",
  "nv_1000" : "4",
  "p_mes" : "83.9",
  "n_llu" : "14",
  "n_tor" : "1",
  "w_med" : "13",
  "nt_00" : "0",
  "ti_max" : "19.1",
  "n_nie" : "0",
  "tm_mes" : "20.0",
  "tm_max" : "25.0",
  "nv_0100" : "0",
  "q_min" : "991.2(17)",
  "np_010" : "10"
} ]
