[ {
  "fecha" : "2024-10",
  "indicativo" : "1387E",
  "p_max" : "39.4(08)",
  "n_cub" : "10",
  "hr" : "84",
  "n_gra" : "0",
  "n_fog" : "10",
  "inso" : "4.4",
  "q_max" : "1019.1(22)",
  "nw_55" : "5",
  "q_mar" : "1014.2",
  "q_med" : "1002.0",
  "tm_min" : "12.9",
  "ta_max" : "25.5(13)",
  "ts_min" : "19.2",
  "nt_30" : "0",
  "nv_0050" : "0",
  "n_des" : "3",
  "w_racha" : "20/23.3(09)",
  "np_100" : "9",
  "n_nub" : "18",
  "p_sol" : "41",
  "nw_91" : "0",
  "np_001" : "22",
  "ta_min" : "7.3(29)",
  "w_rec" : "280",
  "e" : "164",
  "np_300" : "1",
  "nv_1000" : "4",
  "p_mes" : "226.4",
  "n_llu" : "23",
  "n_tor" : "0",
  "w_med" : "12",
  "nt_00" : "0",
  "ti_max" : "14.2",
  "n_nie" : "0",
  "tm_mes" : "16.9",
  "tm_max" : "20.9",
  "nv_0100" : "1",
  "q_min" : "969.9(09)",
  "np_010" : "19"
}, {
  "fecha" : "2024-11",
  "indicativo" : "1387E",
  "p_max" : "45.8(24)",
  "n_cub" : "6",
  "hr" : "79",
  "n_gra" : "0",
  "n_fog" : "7",
  "inso" : "4.6",
  "q_max" : "1019.1(11)",
  "nw_55" : "4",
  "q_mar" : "1019.5",
  "q_med" : "1007.2",
  "tm_min" : "11.0",
  "ta_max" : "25.0(07)",
  "ts_min" : "15.2",
  "nt_30" : "0",
  "nv_0050" : "0",
  "n_des" : "4",
  "w_racha" : "18/25.8(24)",
  "np_100" : "4",
  "n_nub" : "20",
  "p_sol" : "47",
  "nw_91" : "1",
  "np_001" : "12",
  "ta_min" : "4.1(22)",
  "w_rec" : "291",
  "e" : "137",
  "np_300" : "1",
  "nv_1000" : "3",
  "p_mes" : "117.0",
  "n_llu" : "15",
  "n_tor" : "0",
  "w_med" : "13",
  "nt_00" : "0",
  "ti_max" : "13.3",
  "n_nie" : "0",
  "tm_mes" : "15.1",
  "tm_max" : "19.1",
  "nv_0100" : "0",
  "q_min" : "987.7(24)",
  "np_010" : "8"
}, {
  "fecha" : "2024-12",
  "indicativo" : "1387E",
  "p_max" : "6.7(18)",
  "n_cub" : "9",
  "hr" : "84",
  "n_gra" : "0",
  "n_fog" : "14",
  "inso" : "3.7",
  "q_max" : "1026.5(15)",
  "nw_55" : "6",
  "q_mar" : "1028.4",
  "q_med" : "1015.8",
  "tm_min" : "6.1",
  "ta_max" : "19.6(17)",
  "ts_min" : "14.3",
  "nt_30" : "0",
  "nv_0050" : "0",
  "n_des" : "5",
  "w_racha" : "32/21.7(19)",
  "np_100" : "0",
  "n_nub" : "17",
  "p_sol" : "41",
  "nw_91" : "0",
  "np_001" : "20",
  "ta_min" : "0.0(15)",
  "w_rec" : "269",
  "e" : "111",
  "np_300" : "0",
  "nv_1000" : "2",
  "p_mes" : "40.7",
  "n_llu" : "14",
  "n_tor" : "1",
  "w_med" : "11",
  "nt_00" : "1",
  "ti_max" : "11.5",
  "n_nie" : "0",
  "tm_mes" : "10.4",
  "tm_max" : "14.6",
  "nv_0100" : "0",
  "q_min" : "1003.7(19)",
  "np_010" : "9"
}, {
  "fecha" : "2024-13",
  "indicativo" : "1387E",
  "p_max" : "45.8(24/nov)",
  "n_cub" : "96",
  "hr" : "78",
  "n_gra" : "7",
  "n_fog" : "88",
  "inso" : "5.7",
  "q_max" : "1026.8(01/feb)",
  "nw_55" : "63",
  "q_mar" : "1017.9",
  "q_med" : "1005.6",
  "tm_min" : "10.6",
  "ta_max" : "32.6(11/ago)",
  "ts_min" : "19.6",
  "nt_30" : "3",
  "nv_0050" : "0",
  "n_des" : "43",
  "w_racha" : "17/28.9(08/feb)",
  "np_100" : "38",
  "n_nub" : "227",
  "p_sol" : "46",
  "nw_91" : "6",
  "np_001" : "189",
  "ta_min" : "-2.0(12/ene)",
  "w_rec" : "300",
  "e" : "139",
  "np_300" : "3",
  "nv_1000" : "27",
  "p_mes" : "1092.4",
  "n_llu" : "184",
  "n_tor" : "7",
  "w_med" : "14",
  "nt_00" : "5",
  "ti_max" : "6.7",
  "n_nie" : "0",
  "tm_mes" : "14.8",
  "tm_max" : "19.0",
  "nv_0100" : "2",
  "q_min" : "969.9(09/oct)",
  "np_010" : "124"
}, {
  "fecha" : "2024-1",
  "indicativo" : "1387E",
  "p_max" : "15.3(04)",
  "n_cub" : "9",
  "hr" : "80",
  "n_gra" : "1",
  "n_fog" : "9",
  "inso" : "3.2",
  "q_max" : "1024.9(23)",
  "nw_55" : "9",
  "q_mar" : "1020.7",
  "q_med" : "1008.2",
  "tm_min" : "6.9",
  "ta_max" : "22.4(27)",
  "ts_min" : "14.3",
  "nt_30" : "0",
  "nv_0050" : "0",
  "n_des" : "4",
  "w_racha" : "20/23.3(16)",
  "np_100" : "3",
  "n_nub" : "18",
  "p_sol" : "34",
  "nw_91" : "0",
  "np_001" : "16",
  "ta_min" : "-2.0(12)",
  "w_rec" : "308",
  "e" : "111",
  "np_300" : "0",
  "nv_1000" : "1",
  "p_mes" : "88.6",
  "n_llu" : "13",
  "n_tor" : "0",
  "w_med" : "13",
  "nt_00" : "4",
  "ti_max" : "6.7",
  "n_nie" : "0",
  "tm_mes" : "10.9",
  "tm_max" : "14.9",
  "nv_0100" : "0",
  "q_min" : "978.2(17)",
  "np_010" : "11"
}, {
  "fecha" : "2024-2",
  "indicativo" : "1387E",
  "p_max" : "19.6(25)",
  "n_cub" : "7",
  "hr" : "79",
  "n_gra" : "5",
  "n_fog" : "10",
  "inso" : "3.9",
  "q_max" : "1026.8(01)",
  "nw_55" : "13",
  "q_mar" : "1019.7",
  "q_med" : "1007.2",
  "tm_min" : "7.8",
  "ta_max" : "22.7(14)",
  "ts_min" : "14.9",
  "nt_30" : "0",
  "nv_0050" : "0",
  "n_des" : "2",
  "w_racha" : "17/28.9(08)",
  "np_100" : "6",
  "n_nub" : "20",
  "p_sol" : "37",
  "nw_91" : "3",
  "np_001" : "18",
  "ta_min" : "2.8(02)",
  "w_rec" : "376",
  "e" : "114",
  "np_300" : "0",
  "nv_1000" : "4",
  "p_mes" : "123.8",
  "n_llu" : "12",
  "n_tor" : "3",
  "w_med" : "16",
  "nt_00" : "0",
  "ti_max" : "11.4",
  "n_nie" : "0",
  "tm_mes" : "11.9",
  "tm_max" : "15.9",
  "nv_0100" : "0",
  "q_min" : "972.4(09)",
  "np_010" : "13"
}, {
  "fecha" : "2024-3",
  "indicativo" : "1387E",
  "p_max" : "25.0(01)",
  "n_cub" : "13",
  "hr" : "77",
  "n_gra" : "0",
  "n_fog" : "7",
  "inso" : "4.3",
  "q_max" : "1013.4(23)",
  "nw_55" : "11",
  "q_mar" : "1009.2",
  "q_med" : "996.9",
  "tm_min" : "7.0",
  "ta_max" : "21.8(13)",
  "ts_min" : "13.0",
  "nt_30" : "0",
  "nv_0050" : "0",
  "n_des" : "2",
  "w_racha" : "29/25.3(27)",
  "np_100" : "5",
  "n_nub" : "16",
  "p_sol" : "36",
  "nw_91" : "1",
  "np_001" : "19",
  "ta_min" : "3.8(25)",
  "w_rec" : "366",
  "e" : "105",
  "np_300" : "0",
  "nv_1000" : "2",
  "p_mes" : "142.3",
  "n_llu" : "22",
  "n_tor" : "2",
  "w_med" : "17",
  "nt_00" : "0",
  "ti_max" : "10.7",
  "n_nie" : "0",
  "tm_mes" : "11.1",
  "tm_max" : "15.1",
  "nv_0100" : "1",
  "q_min" : "972.5(27)",
  "np_010" : "15"
}, {
  "fecha" : "2024-4",
  "indicativo" : "1387E",
  "p_max" : "37.2(26)",
  "n_cub" : "1",
  "hr" : "69",
  "n_gra" : "1",
  "n_fog" : "2",
  "inso" : "8.8",
  "q_max" : "1020.6(09)",
  "nw_55" : "8",
  "q_mar" : "1017.6",
  "q_med" : "1005.3",
  "tm_min" : "8.6",
  "ta_max" : "26.5(05)",
  "ts_min" : "13.4",
  "nt_30" : "0",
  "nv_0050" : "0",
  "n_des" : "6",
  "w_racha" : "20/25.3(05)",
  "np_100" : "3",
  "n_nub" : "23",
  "p_sol" : "65",
  "nw_91" : "1",
  "np_001" : "14",
  "ta_min" : "3.1(29)",
  "w_rec" : "350",
  "e" : "110",
  "np_300" : "1",
  "nv_1000" : "1",
  "p_mes" : "98.2",
  "n_llu" : "13",
  "n_tor" : "1",
  "w_med" : "16",
  "nt_00" : "0",
  "ti_max" : "12.8",
  "n_nie" : "0",
  "tm_mes" : "13.5",
  "tm_max" : "18.3",
  "nv_0100" : "0",
  "q_min" : "985.8(27)",
  "np_010" : "10"
}, {
  "fecha" : "2024-5",
  "indicativo" : "1387E",
  "p_max" : "25.2(03)",
  "n_cub" : "8",
  "hr" : "77",
  "n_gra" : "0",
  "n_fog" : "5",
  "inso" : "6.5",
  "q_max" : "1012.6(27)",
  "nw_55" : "3",
  "q_mar" : "1016.5",
  "q_med" : "1004.2",
  "tm_min" : "10.2",
  "ta_max" : "27.2(09)",
  "ts_min" : "14.3",
  "nt_30" : "0",
  "nv_0050" : "0",
  "n_des" : "1",
  "w_racha" : "20/18.1(03)",
  "np_100" : "4",
  "n_nub" : "22",
  "p_sol" : "44",
  "nw_91" : "0",
  "np_001" : "16",
  "ta_min" : "6.2(01)",
  "w_rec" : "303",
  "e" : "131",
  "np_300" : "0",
  "nv_1000" : "1",
  "p_mes" : "131.8",
  "n_llu" : "17",
  "n_tor" : "0",
  "w_med" : "15",
  "nt_00" : "0",
  "ti_max" : "14.2",
  "n_nie" : "0",
  "tm_mes" : "14.4",
  "tm_max" : "18.5",
  "nv_0100" : "0",
  "q_min" : "995.6(16)",
  "np_010" : "14"
}, {
  "fecha" : "2024-6",
  "indicativo" : "1387E",
  "p_max" : "10.9(19)",
  "n_cub" : "9",
  "hr" : "77",
  "n_gra" : "0",
  "n_fog" : "2",
  "inso" : "6.5",
  "q_max" : "1013.2(21)",
  "nw_55" : "0",
  "q_mar" : "1016.9",
  "q_med" : "1004.7",
  "tm_min" : "13.6",
  "ta_max" : "25.8(24)",
  "ts_min" : "16.4",
  "nt_30" : "0",
  "nv_0050" : "0",
  "n_des" : "4",
  "w_racha" : "08/15.0(01)",
  "np_100" : "2",
  "n_nub" : "17",
  "p_sol" : "42",
  "nw_91" : "0",
  "np_001" : "13",
  "ta_min" : "8.7(13)",
  "w_rec" : "291",
  "e" : "159",
  "np_300" : "0",
  "nv_1000" : "2",
  "p_mes" : "32.9",
  "n_llu" : "12",
  "n_tor" : "0",
  "w_med" : "14",
  "nt_00" : "0",
  "ti_max" : "17.3",
  "n_nie" : "0",
  "tm_mes" : "17.5",
  "tm_max" : "21.3",
  "nv_0100" : "0",
  "q_min" : "995.9(17)",
  "np_010" : "5"
}, {
  "fecha" : "2024-7",
  "indicativo" : "1387E",
  "p_max" : "9.0(14)",
  "n_cub" : "7",
  "hr" : "77",
  "n_gra" : "0",
  "n_fog" : "5",
  "inso" : "9.3",
  "q_max" : "1013.6(01)",
  "nw_55" : "1",
  "q_mar" : "1017.1",
  "q_med" : "1005.1",
  "tm_min" : "14.8",
  "ta_max" : "31.4(30)",
  "ts_min" : "18.7",
  "nt_30" : "1",
  "nv_0050" : "0",
  "n_des" : "5",
  "w_racha" : "20/15.3(08)",
  "np_100" : "0",
  "n_nub" : "19",
  "p_sol" : "62",
  "nw_91" : "0",
  "np_001" : "12",
  "ta_min" : "9.0(07)",
  "w_rec" : "265",
  "e" : "181",
  "np_300" : "0",
  "nv_1000" : "0",
  "p_mes" : "25.7",
  "n_llu" : "12",
  "n_tor" : "0",
  "w_med" : "13",
  "nt_00" : "0",
  "ti_max" : "19.2",
  "n_nie" : "0",
  "tm_mes" : "19.2",
  "tm_max" : "23.6",
  "nv_0100" : "0",
  "q_min" : "996.3(14)",
  "np_010" : "7"
}, {
  "fecha" : "2024-8",
  "indicativo" : "1387E",
  "p_max" : "2.6(13)",
  "n_cub" : "9",
  "hr" : "80",
  "n_gra" : "0",
  "n_fog" : "10",
  "inso" : "7.5",
  "q_max" : "1012.6(25)",
  "nw_55" : "0",
  "q_mar" : "1017.5",
  "q_med" : "1005.5",
  "tm_min" : "15.7",
  "ta_max" : "32.6(11)",
  "ts_min" : "19.6",
  "nt_30" : "2",
  "nv_0050" : "0",
  "n_des" : "4",
  "w_racha" : "32/15.0(24)",
  "np_100" : "0",
  "n_nub" : "18",
  "p_sol" : "54",
  "nw_91" : "0",
  "np_001" : "11",
  "ta_min" : "9.7(25)",
  "w_rec" : "236",
  "e" : "191",
  "np_300" : "0",
  "nv_1000" : "4",
  "p_mes" : "10.4",
  "n_llu" : "13",
  "n_tor" : "0",
  "w_med" : "12",
  "nt_00" : "0",
  "ti_max" : "21.2",
  "n_nie" : "0",
  "tm_mes" : "20.1",
  "tm_max" : "24.5",
  "nv_0100" : "0",
  "q_min" : "998.3(11)",
  "np_010" : "4"
}, {
  "fecha" : "2024-9",
  "indicativo" : "1387E",
  "p_max" : "11.4(25)",
  "n_cub" : "8",
  "hr" : "76",
  "n_gra" : "0",
  "n_fog" : "7",
  "inso" : "6.0",
  "q_max" : "1014.7(28)",
  "nw_55" : "3",
  "q_mar" : "1017.1",
  "q_med" : "1004.9",
  "tm_min" : "12.6",
  "ta_max" : "26.8(18)",
  "ts_min" : "18.5",
  "nt_30" : "0",
  "nv_0050" : "0",
  "n_des" : "3",
  "w_racha" : "99/18.1(25)",
  "np_100" : "2",
  "n_nub" : "19",
  "p_sol" : "48",
  "nw_91" : "0",
  "np_001" : "16",
  "ta_min" : "7.2(28)",
  "w_rec" : "266",
  "e" : "152",
  "np_300" : "0",
  "nv_1000" : "3",
  "p_mes" : "54.6",
  "n_llu" : "18",
  "n_tor" : "0",
  "w_med" : "13",
  "nt_00" : "0",
  "ti_max" : "18.1",
  "n_nie" : "0",
  "tm_mes" : "17.1",
  "tm_max" : "21.5",
  "nv_0100" : "0",
  "q_min" : "989.4(26)",
  "np_010" : "9"
} ]
