variable,comunidad,valor,fecha
Hidráulica,Islas Canarias,275.382,2023-01-01
Motores diésel,Islas Canarias,153296.164,2023-01-01
Turbina de gas,Islas Canarias,15039.638,2023-01-01
Turbina de vapor,Islas Canarias,121140.182,2023-01-01
Ciclo combinado,Islas Canarias,280871.205,2023-01-01
Hidroeólica,Islas Canarias,1662.009,2023-01-01
Hidráulica,Islas Canarias,254.791,2023-02-01
Motores diésel,Islas Canarias,154132.385,2023-02-01
Turbina de gas,Islas Canarias,27222.044,2023-02-01
Turbina de vapor,Islas Canarias,120940.86,2023-02-01
Ciclo combinado,Islas Canarias,290331.462,2023-02-01
Hidroeólica,Islas Canarias,850.5,2023-02-01
Hidráulica,Islas Canarias,290.787,2023-03-01
Motores diésel,Islas Canarias,145155.126,2023-03-01
Turbina de gas,Islas Canarias,17061.151,2023-03-01
Turbina de vapor,Islas Canarias,106966.088,2023-03-01
Ciclo combinado,Islas Canarias,286168.707,2023-03-01
Hidroeólica,Islas Canarias,1590.417,2023-03-01
Hidráulica,Islas Canarias,276.108,2023-04-01
Motores diésel,Islas Canarias,153096.913,2023-04-01
Turbina de gas,Islas Canarias,21350.13,2023-04-01
Turbina de vapor,Islas Canarias,92299.324,2023-04-01
Ciclo combinado,Islas Canarias,280594.935,2023-04-01
Hidroeólica,Islas Canarias,1585.069,2023-04-01
Hidráulica,Islas Canarias,297.909,2023-05-01
Motores diésel,Islas Canarias,155917.606,2023-05-01
Turbina de gas,Islas Canarias,23724.239,2023-05-01
Turbina de vapor,Islas Canarias,88152.232,2023-05-01
Ciclo combinado,Islas Canarias,277197.687,2023-05-01
Hidroeólica,Islas Canarias,2097.691,2023-05-01
Hidráulica,Islas Canarias,283.837,2023-06-01
Motores diésel,Islas Canarias,162849.82,2023-06-01
Turbina de gas,Islas Canarias,21254.356,2023-06-01
Turbina de vapor,Islas Canarias,88475.84,2023-06-01
Ciclo combinado,Islas Canarias,352703.927,2023-06-01
Hidroeólica,Islas Canarias,871.282,2023-06-01
Hidráulica,Islas Canarias,301.99,2023-07-01
Motores diésel,Islas Canarias,150834.99,2023-07-01
Turbina de gas,Islas Canarias,15646.448,2023-07-01
Turbina de vapor,Islas Canarias,103897.174,2023-07-01
Ciclo combinado,Islas Canarias,252311.084,2023-07-01
Hidroeólica,Islas Canarias,2779.582,2023-07-01
Hidráulica,Islas Canarias,289.63,2023-08-01
Motores diésel,Islas Canarias,161500.244,2023-08-01
Turbina de gas,Islas Canarias,17071.484,2023-08-01
Turbina de vapor,Islas Canarias,108254.056,2023-08-01
Ciclo combinado,Islas Canarias,308619.384,2023-08-01
Hidroeólica,Islas Canarias,2712.111,2023-08-01
Hidráulica,Islas Canarias,289.277,2023-09-01
Motores diésel,Islas Canarias,157925.657,2023-09-01
Turbina de gas,Islas Canarias,18455.963,2023-09-01
Turbina de vapor,Islas Canarias,108323.154,2023-09-01
Ciclo combinado,Islas Canarias,330706.103,2023-09-01
Hidroeólica,Islas Canarias,1340.426,2023-09-01
Hidráulica,Islas Canarias,303.347,2023-10-01
Motores diésel,Islas Canarias,182940.095,2023-10-01
Turbina de gas,Islas Canarias,30969.666,2023-10-01
Turbina de vapor,Islas Canarias,122815.673,2023-10-01
Ciclo combinado,Islas Canarias,386364.482,2023-10-01
Hidroeólica,Islas Canarias,521.1,2023-10-01
Hidráulica,Islas Canarias,280.469,2023-11-01
Motores diésel,Islas Canarias,171845.176,2023-11-01
Turbina de gas,Islas Canarias,24588.663,2023-11-01
Turbina de vapor,Islas Canarias,94087.746,2023-11-01
Ciclo combinado,Islas Canarias,321554.937,2023-11-01
Hidroeólica,Islas Canarias,1136.906,2023-11-01
Hidráulica,Islas Canarias,305.611,2023-12-01
Motores diésel,Islas Canarias,174426.106,2023-12-01
Turbina de gas,Islas Canarias,26706.906,2023-12-01
Turbina de vapor,Islas Canarias,99542.538,2023-12-01
Ciclo combinado,Islas Canarias,344892.851,2023-12-01
Hidroeólica,Islas Canarias,717.105,2023-12-01
Hidráulica,Islas Canarias,296.242,2024-01-01
Motores diésel,Islas Canarias,169881.874,2024-01-01
Turbina de gas,Islas Canarias,28281.392,2024-01-01
Turbina de vapor,Islas Canarias,121758.736,2024-01-01
Ciclo combinado,Islas Canarias,349626.752,2024-01-01
Hidroeólica,Islas Canarias,739.288,2024-01-01
Hidráulica,Islas Canarias,285.083,2024-02-01
Motores diésel,Islas Canarias,150503.687,2024-02-01
Turbina de gas,Islas Canarias,23554.095,2024-02-01
Turbina de vapor,Islas Canarias,103045.916,2024-02-01
Ciclo combinado,Islas Canarias,283485.344,2024-02-01
Hidroeólica,Islas Canarias,1449.866,2024-02-01
Hidráulica,Islas Canarias,272.924,2024-03-01
Motores diésel,Islas Canarias,159117.802,2024-03-01
Turbina de gas,Islas Canarias,23025.227,2024-03-01
Turbina de vapor,Islas Canarias,118985.126,2024-03-01
Ciclo combinado,Islas Canarias,307378.343,2024-03-01
Hidroeólica,Islas Canarias,1626.099,2024-03-01
Hidráulica,Islas Canarias,258.407,2024-04-01
Motores diésel,Islas Canarias,147293.121,2024-04-01
Turbina de gas,Islas Canarias,15266.852,2024-04-01
Turbina de vapor,Islas Canarias,101478.588,2024-04-01
Ciclo combinado,Islas Canarias,316110.866,2024-04-01
Hidroeólica,Islas Canarias,1322.405,2024-04-01
Hidráulica,Islas Canarias,282.132,2024-05-01
Motores diésel,Islas Canarias,146281.92,2024-05-01
Turbina de gas,Islas Canarias,13422.698,2024-05-01
Turbina de vapor,Islas Canarias,109309.982,2024-05-01
Ciclo combinado,Islas Canarias,261328.8,2024-05-01
Hidroeólica,Islas Canarias,2256.65,2024-05-01
Hidráulica,Islas Canarias,275.415,2024-06-01
Motores diésel,Islas Canarias,150704.353,2024-06-01
Turbina de gas,Islas Canarias,26814.177,2024-06-01
Turbina de vapor,Islas Canarias,82237.212,2024-06-01
Ciclo combinado,Islas Canarias,271169.056,2024-06-01
Hidroeólica,Islas Canarias,2641.655,2024-06-01
Hidráulica,Islas Canarias,290.603,2024-07-01
Motores diésel,Islas Canarias,160623.885,2024-07-01
Turbina de gas,Islas Canarias,16554.684,2024-07-01
Turbina de vapor,Islas Canarias,108818.316,2024-07-01
Ciclo combinado,Islas Canarias,265515.2,2024-07-01
Hidroeólica,Islas Canarias,3511.31,2024-07-01
Hidráulica,Islas Canarias,281.817,2024-08-01
Motores diésel,Islas Canarias,152787.518,2024-08-01
Turbina de gas,Islas Canarias,15849.519,2024-08-01
Turbina de vapor,Islas Canarias,104478.976,2024-08-01
Ciclo combinado,Islas Canarias,260370.474,2024-08-01
Hidroeólica,Islas Canarias,3975.784,2024-08-01
Hidráulica,Islas Canarias,276.212,2024-09-01
Motores diésel,Islas Canarias,158023.614,2024-09-01
Turbina de gas,Islas Canarias,24502.909,2024-09-01
Turbina de vapor,Islas Canarias,76899.138,2024-09-01
Ciclo combinado,Islas Canarias,296235.932,2024-09-01
Hidroeólica,Islas Canarias,2271.474,2024-09-01
Hidráulica,Islas Canarias,298.453,2024-10-01
Motores diésel,Islas Canarias,161225.874,2024-10-01
Turbina de gas,Islas Canarias,16364.427,2024-10-01
Turbina de vapor,Islas Canarias,89300.012,2024-10-01
Ciclo combinado,Islas Canarias,354842.107,2024-10-01
Hidroeólica,Islas Canarias,1869.634,2024-10-01
Hidráulica,Islas Canarias,284.318,2024-11-01
Motores diésel,Islas Canarias,162623.898,2024-11-01
Turbina de gas,Islas Canarias,29713.279,2024-11-01
Turbina de vapor,Islas Canarias,91813.716,2024-11-01
Ciclo combinado,Islas Canarias,391606.554,2024-11-01
Hidroeólica,Islas Canarias,324.081,2024-11-01
Hidráulica,Islas Canarias,287.835,2024-12-01
Motores diésel,Islas Canarias,158879.446,2024-12-01
Turbina de gas,Islas Canarias,20429.556,2024-12-01
Turbina de vapor,Islas Canarias,71233.32,2024-12-01
Ciclo combinado,Islas Canarias,377873.214,2024-12-01
Hidroeólica,Islas Canarias,1363.745,2024-12-01
