variable,comunidad,valor,fecha
Hidráulica,Castillayleon,1100674.485,2023-01-01
Eólica,Castillayleon,1544713.545,2023-01-01
Solar fotovoltaica,Castillayleon,103360.6,2023-01-01
Otras renovables,Castillayleon,37191.928,2023-01-01
Cogeneración,Castillayleon,131722.745,2023-01-01
Generación total,Castillayleon,2917663.3030000003,2023-01-01
Hidráulica,Castillayleon,697635.894,2023-02-01
Eólica,Castillayleon,937632.905,2023-02-01
Solar fotovoltaica,Castillayleon,162551.106,2023-02-01
Otras renovables,Castillayleon,47707.082,2023-02-01
Cogeneración,Castillayleon,189856.84,2023-02-01
Generación total,Castillayleon,2035383.827,2023-02-01
Hidráulica,Castillayleon,461155.967,2023-03-01
Eólica,Castillayleon,1550498.375,2023-03-01
Solar fotovoltaica,Castillayleon,216082.701,2023-03-01
Otras renovables,Castillayleon,34930.301,2023-03-01
Cogeneración,Castillayleon,196471.638,2023-03-01
Generación total,Castillayleon,2459138.982,2023-03-01
Hidráulica,Castillayleon,316047.035,2023-04-01
Eólica,Castillayleon,1022160.898,2023-04-01
Solar fotovoltaica,Castillayleon,287106.993,2023-04-01
Otras renovables,Castillayleon,42079.123,2023-04-01
Cogeneración,Castillayleon,187742.489,2023-04-01
Generación total,Castillayleon,1855136.538,2023-04-01
Hidráulica,Castillayleon,286950.755,2023-05-01
Eólica,Castillayleon,1204328.465,2023-05-01
Solar fotovoltaica,Castillayleon,289258.298,2023-05-01
Otras renovables,Castillayleon,49435.424,2023-05-01
Cogeneración,Castillayleon,198473.545,2023-05-01
Generación total,Castillayleon,2028446.487,2023-05-01
Hidráulica,Castillayleon,544312.383,2023-06-01
Eólica,Castillayleon,593660.303,2023-06-01
Solar fotovoltaica,Castillayleon,271396.441,2023-06-01
Otras renovables,Castillayleon,40721.366,2023-06-01
Cogeneración,Castillayleon,192508.415,2023-06-01
Generación total,Castillayleon,1642598.9079999998,2023-06-01
Hidráulica,Castillayleon,365122.194,2023-07-01
Eólica,Castillayleon,763812.009,2023-07-01
Solar fotovoltaica,Castillayleon,342781.068,2023-07-01
Otras renovables,Castillayleon,55613.053,2023-07-01
Cogeneración,Castillayleon,174254.527,2023-07-01
Generación total,Castillayleon,1701582.851,2023-07-01
Hidráulica,Castillayleon,298669.584,2023-08-01
Eólica,Castillayleon,787869.047,2023-08-01
Solar fotovoltaica,Castillayleon,319043.036,2023-08-01
Otras renovables,Castillayleon,53631.275,2023-08-01
Cogeneración,Castillayleon,153720.785,2023-08-01
Generación total,Castillayleon,1612933.727,2023-08-01
Hidráulica,Castillayleon,292581.656,2023-09-01
Eólica,Castillayleon,745309.506,2023-09-01
Solar fotovoltaica,Castillayleon,224824.924,2023-09-01
Otras renovables,Castillayleon,48262.525,2023-09-01
Cogeneración,Castillayleon,161846.695,2023-09-01
Generación total,Castillayleon,1472825.306,2023-09-01
Hidráulica,Castillayleon,349924.282,2023-10-01
Eólica,Castillayleon,1490460.656,2023-10-01
Solar fotovoltaica,Castillayleon,170980.176,2023-10-01
Otras renovables,Castillayleon,50829.943,2023-10-01
Cogeneración,Castillayleon,155069.568,2023-10-01
Generación total,Castillayleon,2217264.625,2023-10-01
Hidráulica,Castillayleon,916890.671,2023-11-01
Eólica,Castillayleon,1705415.564,2023-11-01
Solar fotovoltaica,Castillayleon,115920.811,2023-11-01
Otras renovables,Castillayleon,43134.423,2023-11-01
Cogeneración,Castillayleon,106524.81,2023-11-01
Generación total,Castillayleon,2887886.279,2023-11-01
Hidráulica,Castillayleon,1007656.538,2023-12-01
Eólica,Castillayleon,1221768.658,2023-12-01
Solar fotovoltaica,Castillayleon,97910.316,2023-12-01
Otras renovables,Castillayleon,51871.271,2023-12-01
Cogeneración,Castillayleon,104973.636,2023-12-01
Generación total,Castillayleon,2484180.419,2023-12-01
Hidráulica,Castillayleon,1101255.784,2024-01-01
Eólica,Castillayleon,1107737.473,2024-01-01
Solar fotovoltaica,Castillayleon,112346.49,2024-01-01
Otras renovables,Castillayleon,47880.282,2024-01-01
Cogeneración,Castillayleon,189135.604,2024-01-01
Generación total,Castillayleon,2558355.6330000004,2024-01-01
Hidráulica,Castillayleon,690754.356,2024-02-01
Eólica,Castillayleon,1470112.983,2024-02-01
Solar fotovoltaica,Castillayleon,173091.124,2024-02-01
Otras renovables,Castillayleon,36571.537,2024-02-01
Cogeneración,Castillayleon,172735.672,2024-02-01
Generación total,Castillayleon,2543265.672,2024-02-01
Hidráulica,Castillayleon,1054222.399,2024-03-01
Eólica,Castillayleon,1382567.158,2024-03-01
Solar fotovoltaica,Castillayleon,254860.632,2024-03-01
Otras renovables,Castillayleon,45604.072,2024-03-01
Cogeneración,Castillayleon,136310.099,2024-03-01
Generación total,Castillayleon,2873564.3600000003,2024-03-01
Hidráulica,Castillayleon,1182459.509,2024-04-01
Eólica,Castillayleon,1038574.309,2024-04-01
Solar fotovoltaica,Castillayleon,338375.608,2024-04-01
Otras renovables,Castillayleon,49526.59,2024-04-01
Cogeneración,Castillayleon,104218.903,2024-04-01
Generación total,Castillayleon,2713154.919,2024-04-01
Hidráulica,Castillayleon,521508.826,2024-05-01
Eólica,Castillayleon,830909.835,2024-05-01
Solar fotovoltaica,Castillayleon,381479.157,2024-05-01
Otras renovables,Castillayleon,23306.324,2024-05-01
Cogeneración,Castillayleon,183280.617,2024-05-01
Generación total,Castillayleon,1940484.759,2024-05-01
Hidráulica,Castillayleon,510571.741,2024-06-01
Eólica,Castillayleon,785535.287,2024-06-01
Solar fotovoltaica,Castillayleon,400094.521,2024-06-01
Otras renovables,Castillayleon,43604.99,2024-06-01
Cogeneración,Castillayleon,177102.406,2024-06-01
Generación total,Castillayleon,1916908.945,2024-06-01
Hidráulica,Castillayleon,680071.785,2024-07-01
Eólica,Castillayleon,819093.395,2024-07-01
Solar fotovoltaica,Castillayleon,490592.214,2024-07-01
Otras renovables,Castillayleon,41730.882,2024-07-01
Cogeneración,Castillayleon,170088.294,2024-07-01
Generación total,Castillayleon,2201576.5700000003,2024-07-01
Hidráulica,Castillayleon,601648.661,2024-08-01
Eólica,Castillayleon,783598.51,2024-08-01
Solar fotovoltaica,Castillayleon,450052.598,2024-08-01
Otras renovables,Castillayleon,20247.831,2024-08-01
Cogeneración,Castillayleon,161956.962,2024-08-01
Generación total,Castillayleon,2017504.562,2024-08-01
Hidráulica,Castillayleon,446649.483,2024-09-01
Eólica,Castillayleon,1012184.463,2024-09-01
Solar fotovoltaica,Castillayleon,337858.487,2024-09-01
Otras renovables,Castillayleon,21513.935,2024-09-01
Cogeneración,Castillayleon,150543.882,2024-09-01
Generación total,Castillayleon,1968750.25,2024-09-01
Hidráulica,Castillayleon,740157.032,2024-10-01
Eólica,Castillayleon,1357365.366,2024-10-01
Solar fotovoltaica,Castillayleon,190541.713,2024-10-01
Otras renovables,Castillayleon,21803.64,2024-10-01
Cogeneración,Castillayleon,141964.895,2024-10-01
Generación total,Castillayleon,2451832.646,2024-10-01
Hidráulica,Castillayleon,750081.743,2024-11-01
Eólica,Castillayleon,1085839.874,2024-11-01
Solar fotovoltaica,Castillayleon,173368.105,2024-11-01
Otras renovables,Castillayleon,21664.871,2024-11-01
Cogeneración,Castillayleon,175101.883,2024-11-01
Generación total,Castillayleon,2206056.4760000003,2024-11-01
Hidráulica,Castillayleon,513586.789,2024-12-01
Eólica,Castillayleon,841606.184,2024-12-01
Solar fotovoltaica,Castillayleon,135032.864,2024-12-01
Otras renovables,Castillayleon,22606.417,2024-12-01
Cogeneración,Castillayleon,176197.936,2024-12-01
Generación total,Castillayleon,1689030.19,2024-12-01
