variable,comunidad,valor,fecha
Hidráulica,Madrid,12464.512,2023-01-01
Solar fotovoltaica,Madrid,4453.847,2023-01-01
Otras renovables,Madrid,11881.086,2023-01-01
Cogeneración,Madrid,31761.564,2023-01-01
Residuos no renovables,Madrid,6871.7065,2023-01-01
Residuos renovables,Madrid,6871.7065,2023-01-01
Generación total,Madrid,74304.42199999999,2023-01-01
Hidráulica,Madrid,8606.166,2023-02-01
Solar fotovoltaica,Madrid,5541.381,2023-02-01
Otras renovables,Madrid,13368.215,2023-02-01
Cogeneración,Madrid,43772.159,2023-02-01
Residuos no renovables,Madrid,5903.882,2023-02-01
Residuos renovables,Madrid,5903.882,2023-02-01
Generación total,Madrid,83095.685,2023-02-01
Hidráulica,Madrid,6652.151,2023-03-01
Solar fotovoltaica,Madrid,7966.904,2023-03-01
Otras renovables,Madrid,12769.817,2023-03-01
Cogeneración,Madrid,41681.416,2023-03-01
Residuos no renovables,Madrid,6660.2395,2023-03-01
Residuos renovables,Madrid,6660.2395,2023-03-01
Generación total,Madrid,82390.76699999999,2023-03-01
Hidráulica,Madrid,6399.64,2023-04-01
Solar fotovoltaica,Madrid,9195.751,2023-04-01
Otras renovables,Madrid,11324.589,2023-04-01
Cogeneración,Madrid,35598.937,2023-04-01
Residuos no renovables,Madrid,6715.275,2023-04-01
Residuos renovables,Madrid,6715.275,2023-04-01
Generación total,Madrid,75949.46699999999,2023-04-01
Hidráulica,Madrid,5742.711,2023-05-01
Solar fotovoltaica,Madrid,8855.241,2023-05-01
Otras renovables,Madrid,11872.312,2023-05-01
Cogeneración,Madrid,50190.682,2023-05-01
Residuos no renovables,Madrid,6482.415,2023-05-01
Residuos renovables,Madrid,6482.415,2023-05-01
Generación total,Madrid,89625.77599999998,2023-05-01
Hidráulica,Madrid,6915.31,2023-06-01
Solar fotovoltaica,Madrid,8576.909,2023-06-01
Otras renovables,Madrid,11783.18,2023-06-01
Cogeneración,Madrid,51589.628,2023-06-01
Residuos no renovables,Madrid,5303.7735,2023-06-01
Residuos renovables,Madrid,5303.7735,2023-06-01
Generación total,Madrid,89472.574,2023-06-01
Hidráulica,Madrid,10602.959,2023-07-01
Solar fotovoltaica,Madrid,21333.897,2023-07-01
Otras renovables,Madrid,11839.844,2023-07-01
Cogeneración,Madrid,31095.337,2023-07-01
Residuos no renovables,Madrid,5497.432,2023-07-01
Residuos renovables,Madrid,5497.432,2023-07-01
Generación total,Madrid,85866.901,2023-07-01
Hidráulica,Madrid,9419.615,2023-08-01
Solar fotovoltaica,Madrid,23503.236,2023-08-01
Otras renovables,Madrid,11387.551,2023-08-01
Cogeneración,Madrid,25301.823,2023-08-01
Residuos no renovables,Madrid,1974.1205,2023-08-01
Residuos renovables,Madrid,1974.1205,2023-08-01
Generación total,Madrid,73560.46600000001,2023-08-01
Hidráulica,Madrid,2686.957,2023-09-01
Solar fotovoltaica,Madrid,18952.381,2023-09-01
Otras renovables,Madrid,12687.131,2023-09-01
Cogeneración,Madrid,32635.995,2023-09-01
Residuos no renovables,Madrid,2172.2575,2023-09-01
Residuos renovables,Madrid,2172.2575,2023-09-01
Generación total,Madrid,71306.979,2023-09-01
Hidráulica,Madrid,3178.809,2023-10-01
Solar fotovoltaica,Madrid,15261.728,2023-10-01
Otras renovables,Madrid,13293.064,2023-10-01
Cogeneración,Madrid,27090.597,2023-10-01
Residuos no renovables,Madrid,6749.9815,2023-10-01
Residuos renovables,Madrid,6749.9815,2023-10-01
Generación total,Madrid,72324.161,2023-10-01
Hidráulica,Madrid,8452.634,2023-11-01
Solar fotovoltaica,Madrid,11106.567,2023-11-01
Otras renovables,Madrid,11828.404,2023-11-01
Cogeneración,Madrid,26511.502,2023-11-01
Residuos no renovables,Madrid,6095.8705,2023-11-01
Residuos renovables,Madrid,6095.8705,2023-11-01
Generación total,Madrid,70090.848,2023-11-01
Hidráulica,Madrid,10471.972,2023-12-01
Solar fotovoltaica,Madrid,10574.955,2023-12-01
Otras renovables,Madrid,12698.203,2023-12-01
Cogeneración,Madrid,23997.332,2023-12-01
Residuos no renovables,Madrid,7268.034,2023-12-01
Residuos renovables,Madrid,7268.034,2023-12-01
Generación total,Madrid,72278.53,2023-12-01
Hidráulica,Madrid,9232.206,2024-01-01
Solar fotovoltaica,Madrid,10047.069,2024-01-01
Otras renovables,Madrid,14251.497,2024-01-01
Cogeneración,Madrid,43618.945,2024-01-01
Residuos no renovables,Madrid,7548.0575,2024-01-01
Residuos renovables,Madrid,7548.0575,2024-01-01
Generación total,Madrid,92245.832,2024-01-01
Hidráulica,Madrid,12808.508,2024-02-01
Solar fotovoltaica,Madrid,13752.014,2024-02-01
Otras renovables,Madrid,12832.676,2024-02-01
Cogeneración,Madrid,33177.739,2024-02-01
Residuos no renovables,Madrid,4893.509,2024-02-01
Residuos renovables,Madrid,4893.509,2024-02-01
Generación total,Madrid,82357.95500000002,2024-02-01
Hidráulica,Madrid,24637.007,2024-03-01
Solar fotovoltaica,Madrid,17344.27,2024-03-01
Otras renovables,Madrid,11746.641,2024-03-01
Cogeneración,Madrid,22441.79,2024-03-01
Residuos no renovables,Madrid,5663.8835,2024-03-01
Residuos renovables,Madrid,5663.8835,2024-03-01
Generación total,Madrid,87497.475,2024-03-01
Hidráulica,Madrid,24044.934,2024-04-01
Solar fotovoltaica,Madrid,20873.35,2024-04-01
Otras renovables,Madrid,11155.794,2024-04-01
Cogeneración,Madrid,21254.42,2024-04-01
Residuos no renovables,Madrid,6623.0455,2024-04-01
Residuos renovables,Madrid,6623.0455,2024-04-01
Generación total,Madrid,90574.589,2024-04-01
Hidráulica,Madrid,5512.649,2024-05-01
Solar fotovoltaica,Madrid,27217.774,2024-05-01
Otras renovables,Madrid,11487.671,2024-05-01
Cogeneración,Madrid,30013.043,2024-05-01
Residuos no renovables,Madrid,5960.148,2024-05-01
Residuos renovables,Madrid,5960.148,2024-05-01
Generación total,Madrid,86151.433,2024-05-01
Hidráulica,Madrid,7279.182,2024-06-01
Solar fotovoltaica,Madrid,23879.002,2024-06-01
Otras renovables,Madrid,11968.291,2024-06-01
Cogeneración,Madrid,61952.648,2024-06-01
Residuos no renovables,Madrid,5831.555,2024-06-01
Residuos renovables,Madrid,5831.555,2024-06-01
Generación total,Madrid,116742.23299999998,2024-06-01
Hidráulica,Madrid,10244.768,2024-07-01
Solar fotovoltaica,Madrid,28852.209,2024-07-01
Otras renovables,Madrid,11794.054,2024-07-01
Cogeneración,Madrid,67271.962,2024-07-01
Residuos no renovables,Madrid,3054.752,2024-07-01
Residuos renovables,Madrid,3054.752,2024-07-01
Generación total,Madrid,124272.497,2024-07-01
Hidráulica,Madrid,9985.071,2024-08-01
Solar fotovoltaica,Madrid,28066.484,2024-08-01
Otras renovables,Madrid,12114.079,2024-08-01
Cogeneración,Madrid,63617.755,2024-08-01
Residuos no renovables,Madrid,2495.2125,2024-08-01
Residuos renovables,Madrid,2495.2125,2024-08-01
Generación total,Madrid,118773.81399999998,2024-08-01
Hidráulica,Madrid,7680.642,2024-09-01
Solar fotovoltaica,Madrid,21941.023,2024-09-01
Otras renovables,Madrid,10754.162,2024-09-01
Cogeneración,Madrid,54577.952,2024-09-01
Residuos no renovables,Madrid,3775.174,2024-09-01
Residuos renovables,Madrid,3775.174,2024-09-01
Generación total,Madrid,102504.127,2024-09-01
Hidráulica,Madrid,5671.841,2024-10-01
Solar fotovoltaica,Madrid,12842.26,2024-10-01
Otras renovables,Madrid,11419.172,2024-10-01
Cogeneración,Madrid,66792.471,2024-10-01
Residuos no renovables,Madrid,7009.08,2024-10-01
Residuos renovables,Madrid,7009.08,2024-10-01
Generación total,Madrid,110743.904,2024-10-01
Hidráulica,Madrid,4725.353,2024-11-01
Solar fotovoltaica,Madrid,10604.776,2024-11-01
Otras renovables,Madrid,11106.685,2024-11-01
Cogeneración,Madrid,52990.142,2024-11-01
Residuos no renovables,Madrid,6899.498,2024-11-01
Residuos renovables,Madrid,6899.498,2024-11-01
Generación total,Madrid,93225.952,2024-11-01
Hidráulica,Madrid,4546.631,2024-12-01
Solar fotovoltaica,Madrid,12050.772,2024-12-01
Otras renovables,Madrid,10611.468,2024-12-01
Cogeneración,Madrid,66144.864,2024-12-01
Residuos no renovables,Madrid,7596.693,2024-12-01
Residuos renovables,Madrid,7596.693,2024-12-01
Generación total,Madrid,108547.121,2024-12-01
