variable,comunidad,valor,fecha
Hidráulica,Comunidadvalenciana,26944.908,2023-01-01
Nuclear,Comunidadvalenciana,770792.37,2023-01-01
Fuel + Gas,Comunidadvalenciana,NA,2023-01-01
Ciclo combinado,Comunidadvalenciana,129949.982,2023-01-01
Eólica,Comunidadvalenciana,312480.34,2023-01-01
Solar fotovoltaica,Comunidadvalenciana,39923.963,2023-01-01
Solar térmica,Comunidadvalenciana,3880.12,2023-01-01
Otras renovables,Comunidadvalenciana,2499.887,2023-01-01
Cogeneración,Comunidadvalenciana,54826.25,2023-01-01
Residuos no renovables,Comunidadvalenciana,1457.923,2023-01-01
Generación total,Comunidadvalenciana,1342755.7430000002,2023-01-01
Hidráulica,Comunidadvalenciana,22580.083,2023-02-01
Nuclear,Comunidadvalenciana,709043.664,2023-02-01
Fuel + Gas,Comunidadvalenciana,NA,2023-02-01
Ciclo combinado,Comunidadvalenciana,244145.088,2023-02-01
Eólica,Comunidadvalenciana,133859.902,2023-02-01
Solar fotovoltaica,Comunidadvalenciana,36711.514,2023-02-01
Solar térmica,Comunidadvalenciana,3294.565,2023-02-01
Otras renovables,Comunidadvalenciana,2364.283,2023-02-01
Cogeneración,Comunidadvalenciana,112083.345,2023-02-01
Residuos no renovables,Comunidadvalenciana,3714.953,2023-02-01
Generación total,Comunidadvalenciana,1267797.397,2023-02-01
Hidráulica,Comunidadvalenciana,25237.933,2023-03-01
Nuclear,Comunidadvalenciana,773055.898,2023-03-01
Fuel + Gas,Comunidadvalenciana,NA,2023-03-01
Ciclo combinado,Comunidadvalenciana,150250.775,2023-03-01
Eólica,Comunidadvalenciana,273937.368,2023-03-01
Solar fotovoltaica,Comunidadvalenciana,61104.902,2023-03-01
Solar térmica,Comunidadvalenciana,10046.092,2023-03-01
Otras renovables,Comunidadvalenciana,2898.791,2023-03-01
Cogeneración,Comunidadvalenciana,104889.854,2023-03-01
Residuos no renovables,Comunidadvalenciana,4549.003,2023-03-01
Generación total,Comunidadvalenciana,1405970.616,2023-03-01
Hidráulica,Comunidadvalenciana,28300.408,2023-04-01
Nuclear,Comunidadvalenciana,746548.789,2023-04-01
Fuel + Gas,Comunidadvalenciana,NA,2023-04-01
Ciclo combinado,Comunidadvalenciana,303977.361,2023-04-01
Eólica,Comunidadvalenciana,181151.133,2023-04-01
Solar fotovoltaica,Comunidadvalenciana,68680.901,2023-04-01
Solar térmica,Comunidadvalenciana,12344.321,2023-04-01
Otras renovables,Comunidadvalenciana,2684.535,2023-04-01
Cogeneración,Comunidadvalenciana,100195.463,2023-04-01
Residuos no renovables,Comunidadvalenciana,3930.995,2023-04-01
Generación total,Comunidadvalenciana,1447813.906,2023-04-01
Hidráulica,Comunidadvalenciana,44333.662,2023-05-01
Nuclear,Comunidadvalenciana,781588.887,2023-05-01
Fuel + Gas,Comunidadvalenciana,NA,2023-05-01
Ciclo combinado,Comunidadvalenciana,205494.538,2023-05-01
Eólica,Comunidadvalenciana,150520.558,2023-05-01
Solar fotovoltaica,Comunidadvalenciana,60020.363,2023-05-01
Solar térmica,Comunidadvalenciana,7466.141,2023-05-01
Otras renovables,Comunidadvalenciana,2554.821,2023-05-01
Cogeneración,Comunidadvalenciana,102709.622,2023-05-01
Residuos no renovables,Comunidadvalenciana,2117.778,2023-05-01
Generación total,Comunidadvalenciana,1356806.37,2023-05-01
Hidráulica,Comunidadvalenciana,57468.275,2023-06-01
Nuclear,Comunidadvalenciana,756100.311,2023-06-01
Fuel + Gas,Comunidadvalenciana,NA,2023-06-01
Ciclo combinado,Comunidadvalenciana,310166.221,2023-06-01
Eólica,Comunidadvalenciana,82371.409,2023-06-01
Solar fotovoltaica,Comunidadvalenciana,63347.718,2023-06-01
Solar térmica,Comunidadvalenciana,10891.102,2023-06-01
Otras renovables,Comunidadvalenciana,2361.82,2023-06-01
Cogeneración,Comunidadvalenciana,104093.931,2023-06-01
Residuos no renovables,Comunidadvalenciana,555.213,2023-06-01
Generación total,Comunidadvalenciana,1387356.0000000002,2023-06-01
Hidráulica,Comunidadvalenciana,50224.221,2023-07-01
Nuclear,Comunidadvalenciana,772253.962,2023-07-01
Fuel + Gas,Comunidadvalenciana,0.001,2023-07-01
Ciclo combinado,Comunidadvalenciana,383056.164,2023-07-01
Eólica,Comunidadvalenciana,93613.751,2023-07-01
Solar fotovoltaica,Comunidadvalenciana,66724.834,2023-07-01
Solar térmica,Comunidadvalenciana,13029.703,2023-07-01
Otras renovables,Comunidadvalenciana,2736.582,2023-07-01
Cogeneración,Comunidadvalenciana,91931.296,2023-07-01
Residuos no renovables,Comunidadvalenciana,278.229,2023-07-01
Generación total,Comunidadvalenciana,1473848.7430000002,2023-07-01
Hidráulica,Comunidadvalenciana,53460.604,2023-08-01
Nuclear,Comunidadvalenciana,740651.128,2023-08-01
Fuel + Gas,Comunidadvalenciana,NA,2023-08-01
Ciclo combinado,Comunidadvalenciana,387960.687,2023-08-01
Eólica,Comunidadvalenciana,163832.736,2023-08-01
Solar fotovoltaica,Comunidadvalenciana,68185.352,2023-08-01
Solar térmica,Comunidadvalenciana,14189.143,2023-08-01
Otras renovables,Comunidadvalenciana,2748.5,2023-08-01
Cogeneración,Comunidadvalenciana,50567.777,2023-08-01
Residuos no renovables,Comunidadvalenciana,758.436,2023-08-01
Generación total,Comunidadvalenciana,1482354.363,2023-08-01
Hidráulica,Comunidadvalenciana,35327.118,2023-09-01
Nuclear,Comunidadvalenciana,648730.062,2023-09-01
Fuel + Gas,Comunidadvalenciana,NA,2023-09-01
Ciclo combinado,Comunidadvalenciana,299781.712,2023-09-01
Eólica,Comunidadvalenciana,111587.419,2023-09-01
Solar fotovoltaica,Comunidadvalenciana,53056.324,2023-09-01
Solar térmica,Comunidadvalenciana,7968.576,2023-09-01
Otras renovables,Comunidadvalenciana,2585.337,2023-09-01
Cogeneración,Comunidadvalenciana,84472.938,2023-09-01
Residuos no renovables,Comunidadvalenciana,1711.482,2023-09-01
Generación total,Comunidadvalenciana,1245220.968,2023-09-01
Hidráulica,Comunidadvalenciana,28436.4,2023-10-01
Nuclear,Comunidadvalenciana,107857.403,2023-10-01
Fuel + Gas,Comunidadvalenciana,NA,2023-10-01
Ciclo combinado,Comunidadvalenciana,319756.184,2023-10-01
Eólica,Comunidadvalenciana,187068.683,2023-10-01
Solar fotovoltaica,Comunidadvalenciana,50650.611,2023-10-01
Solar térmica,Comunidadvalenciana,6665.076,2023-10-01
Otras renovables,Comunidadvalenciana,2509.262,2023-10-01
Cogeneración,Comunidadvalenciana,72064.933,2023-10-01
Residuos no renovables,Comunidadvalenciana,2730.831,2023-10-01
Generación total,Comunidadvalenciana,777739.383,2023-10-01
Hidráulica,Comunidadvalenciana,22978.517,2023-11-01
Nuclear,Comunidadvalenciana,372765.859,2023-11-01
Fuel + Gas,Comunidadvalenciana,NA,2023-11-01
Ciclo combinado,Comunidadvalenciana,205223.389,2023-11-01
Eólica,Comunidadvalenciana,292901.207,2023-11-01
Solar fotovoltaica,Comunidadvalenciana,42652.537,2023-11-01
Solar térmica,Comunidadvalenciana,2412.781,2023-11-01
Otras renovables,Comunidadvalenciana,2273.21,2023-11-01
Cogeneración,Comunidadvalenciana,56579.832,2023-11-01
Residuos no renovables,Comunidadvalenciana,NA,2023-11-01
Generación total,Comunidadvalenciana,997787.332,2023-11-01
Hidráulica,Comunidadvalenciana,27320.403,2023-12-01
Nuclear,Comunidadvalenciana,787023.419,2023-12-01
Fuel + Gas,Comunidadvalenciana,NA,2023-12-01
Ciclo combinado,Comunidadvalenciana,299166.725,2023-12-01
Eólica,Comunidadvalenciana,291961.582,2023-12-01
Solar fotovoltaica,Comunidadvalenciana,36233.699,2023-12-01
Solar térmica,Comunidadvalenciana,2834.06,2023-12-01
Otras renovables,Comunidadvalenciana,2314.564,2023-12-01
Cogeneración,Comunidadvalenciana,35953.269,2023-12-01
Residuos no renovables,Comunidadvalenciana,4629.735,2023-12-01
Generación total,Comunidadvalenciana,1487437.4560000002,2023-12-01
Hidráulica,Comunidadvalenciana,24524.357,2024-01-01
Nuclear,Comunidadvalenciana,707248.695,2024-01-01
Fuel + Gas,Comunidadvalenciana,NA,2024-01-01
Ciclo combinado,Comunidadvalenciana,242274.779,2024-01-01
Eólica,Comunidadvalenciana,246712.131,2024-01-01
Solar fotovoltaica,Comunidadvalenciana,33521.507,2024-01-01
Solar térmica,Comunidadvalenciana,1301.803,2024-01-01
Otras renovables,Comunidadvalenciana,2387.549,2024-01-01
Cogeneración,Comunidadvalenciana,85313.969,2024-01-01
Residuos no renovables,Comunidadvalenciana,3451.597,2024-01-01
Generación total,Comunidadvalenciana,1346736.387,2024-01-01
Hidráulica,Comunidadvalenciana,32029.001,2024-02-01
Nuclear,Comunidadvalenciana,673241.913,2024-02-01
Fuel + Gas,Comunidadvalenciana,NA,2024-02-01
Ciclo combinado,Comunidadvalenciana,144858.148,2024-02-01
Eólica,Comunidadvalenciana,264816.271,2024-02-01
Solar fotovoltaica,Comunidadvalenciana,44748.672,2024-02-01
Solar térmica,Comunidadvalenciana,4228.372,2024-02-01
Otras renovables,Comunidadvalenciana,2449.712,2024-02-01
Cogeneración,Comunidadvalenciana,75850.234,2024-02-01
Residuos no renovables,Comunidadvalenciana,4274.962,2024-02-01
Generación total,Comunidadvalenciana,1246497.285,2024-02-01
Hidráulica,Comunidadvalenciana,49682.569,2024-03-01
Nuclear,Comunidadvalenciana,134898.673,2024-03-01
Fuel + Gas,Comunidadvalenciana,0.001,2024-03-01
Ciclo combinado,Comunidadvalenciana,186419.873,2024-03-01
Eólica,Comunidadvalenciana,204024.93,2024-03-01
Solar fotovoltaica,Comunidadvalenciana,54623.581,2024-03-01
Solar térmica,Comunidadvalenciana,5639.867,2024-03-01
Otras renovables,Comunidadvalenciana,2494.972,2024-03-01
Cogeneración,Comunidadvalenciana,64907.327,2024-03-01
Residuos no renovables,Comunidadvalenciana,3344.628,2024-03-01
Generación total,Comunidadvalenciana,706036.4210000001,2024-03-01
Hidráulica,Comunidadvalenciana,48134.259,2024-04-01
Nuclear,Comunidadvalenciana,475779.801,2024-04-01
Fuel + Gas,Comunidadvalenciana,NA,2024-04-01
Ciclo combinado,Comunidadvalenciana,152700.287,2024-04-01
Eólica,Comunidadvalenciana,136266.116,2024-04-01
Solar fotovoltaica,Comunidadvalenciana,64988.288,2024-04-01
Solar térmica,Comunidadvalenciana,9771.295,2024-04-01
Otras renovables,Comunidadvalenciana,1844.428,2024-04-01
Cogeneración,Comunidadvalenciana,47912.273,2024-04-01
Residuos no renovables,Comunidadvalenciana,3579.735,2024-04-01
Generación total,Comunidadvalenciana,940976.4820000002,2024-04-01
Hidráulica,Comunidadvalenciana,73943.024,2024-05-01
Nuclear,Comunidadvalenciana,733892.574,2024-05-01
Fuel + Gas,Comunidadvalenciana,NA,2024-05-01
Ciclo combinado,Comunidadvalenciana,92310.147,2024-05-01
Eólica,Comunidadvalenciana,134344.027,2024-05-01
Solar fotovoltaica,Comunidadvalenciana,77168.155,2024-05-01
Solar térmica,Comunidadvalenciana,13159.4,2024-05-01
Otras renovables,Comunidadvalenciana,2206.167,2024-05-01
Cogeneración,Comunidadvalenciana,86507.829,2024-05-01
Residuos no renovables,Comunidadvalenciana,4433.263,2024-05-01
Generación total,Comunidadvalenciana,1217964.5859999997,2024-05-01
Hidráulica,Comunidadvalenciana,72542.209,2024-06-01
Nuclear,Comunidadvalenciana,757142.487,2024-06-01
Fuel + Gas,Comunidadvalenciana,0.001,2024-06-01
Ciclo combinado,Comunidadvalenciana,146700.034,2024-06-01
Eólica,Comunidadvalenciana,114500.691,2024-06-01
Solar fotovoltaica,Comunidadvalenciana,71369.468,2024-06-01
Solar térmica,Comunidadvalenciana,11429.412,2024-06-01
Otras renovables,Comunidadvalenciana,2375.994,2024-06-01
Cogeneración,Comunidadvalenciana,92266.244,2024-06-01
Residuos no renovables,Comunidadvalenciana,783.998,2024-06-01
Generación total,Comunidadvalenciana,1269110.538,2024-06-01
Hidráulica,Comunidadvalenciana,66045.269,2024-07-01
Nuclear,Comunidadvalenciana,685519.669,2024-07-01
Fuel + Gas,Comunidadvalenciana,NA,2024-07-01
Ciclo combinado,Comunidadvalenciana,259973.644,2024-07-01
Eólica,Comunidadvalenciana,125201.249,2024-07-01
Solar fotovoltaica,Comunidadvalenciana,78652.145,2024-07-01
Solar térmica,Comunidadvalenciana,14468.59,2024-07-01
Otras renovables,Comunidadvalenciana,2829.526,2024-07-01
Cogeneración,Comunidadvalenciana,91729.989,2024-07-01
Residuos no renovables,Comunidadvalenciana,3756.951,2024-07-01
Generación total,Comunidadvalenciana,1328177.032,2024-07-01
Hidráulica,Comunidadvalenciana,68981.463,2024-08-01
Nuclear,Comunidadvalenciana,764925.368,2024-08-01
Fuel + Gas,Comunidadvalenciana,0.001,2024-08-01
Ciclo combinado,Comunidadvalenciana,285364.947,2024-08-01
Eólica,Comunidadvalenciana,94571.009,2024-08-01
Solar fotovoltaica,Comunidadvalenciana,70696.555,2024-08-01
Solar térmica,Comunidadvalenciana,12171.283,2024-08-01
Otras renovables,Comunidadvalenciana,2908.037,2024-08-01
Cogeneración,Comunidadvalenciana,54082.263,2024-08-01
Residuos no renovables,Comunidadvalenciana,3645.75,2024-08-01
Generación total,Comunidadvalenciana,1357346.6760000002,2024-08-01
Hidráulica,Comunidadvalenciana,35681.139,2024-09-01
Nuclear,Comunidadvalenciana,758352.923,2024-09-01
Fuel + Gas,Comunidadvalenciana,0.001,2024-09-01
Ciclo combinado,Comunidadvalenciana,259088.851,2024-09-01
Eólica,Comunidadvalenciana,141264.163,2024-09-01
Solar fotovoltaica,Comunidadvalenciana,55687.983,2024-09-01
Solar térmica,Comunidadvalenciana,7931.002,2024-09-01
Otras renovables,Comunidadvalenciana,2849.929,2024-09-01
Cogeneración,Comunidadvalenciana,82799.976,2024-09-01
Residuos no renovables,Comunidadvalenciana,1288.528,2024-09-01
Generación total,Comunidadvalenciana,1344944.495,2024-09-01
Hidráulica,Comunidadvalenciana,23117.256,2024-10-01
Nuclear,Comunidadvalenciana,773689.362,2024-10-01
Fuel + Gas,Comunidadvalenciana,NA,2024-10-01
Ciclo combinado,Comunidadvalenciana,206627.11,2024-10-01
Eólica,Comunidadvalenciana,211637.55,2024-10-01
Solar fotovoltaica,Comunidadvalenciana,45246.771,2024-10-01
Solar térmica,Comunidadvalenciana,4457.76,2024-10-01
Otras renovables,Comunidadvalenciana,2251.939,2024-10-01
Cogeneración,Comunidadvalenciana,81462.738,2024-10-01
Residuos no renovables,Comunidadvalenciana,3158.678,2024-10-01
Generación total,Comunidadvalenciana,1351649.164,2024-10-01
Hidráulica,Comunidadvalenciana,19695.465,2024-11-01
Nuclear,Comunidadvalenciana,674979.561,2024-11-01
Fuel + Gas,Comunidadvalenciana,NA,2024-11-01
Ciclo combinado,Comunidadvalenciana,398114.337,2024-11-01
Eólica,Comunidadvalenciana,155843.961,2024-11-01
Solar fotovoltaica,Comunidadvalenciana,33100.263,2024-11-01
Solar térmica,Comunidadvalenciana,1120.489,2024-11-01
Otras renovables,Comunidadvalenciana,2359.874,2024-11-01
Cogeneración,Comunidadvalenciana,95730.098,2024-11-01
Residuos no renovables,Comunidadvalenciana,4110.937,2024-11-01
Generación total,Comunidadvalenciana,1385054.985,2024-11-01
Hidráulica,Comunidadvalenciana,18591.108,2024-12-01
Nuclear,Comunidadvalenciana,785619.918,2024-12-01
Fuel + Gas,Comunidadvalenciana,NA,2024-12-01
Ciclo combinado,Comunidadvalenciana,484162.857,2024-12-01
Eólica,Comunidadvalenciana,252976.08,2024-12-01
Solar fotovoltaica,Comunidadvalenciana,36891.616,2024-12-01
Solar térmica,Comunidadvalenciana,2004.501,2024-12-01
Otras renovables,Comunidadvalenciana,2147.476,2024-12-01
Cogeneración,Comunidadvalenciana,74074.609,2024-12-01
Residuos no renovables,Comunidadvalenciana,5595.967,2024-12-01
Generación total,Comunidadvalenciana,1662064.1319999998,2024-12-01
