variable,comunidad,valor,fecha
Hidráulica,Cantabria,20691.749,2023-01-01
Eólica,Cantabria,5901.238,2023-01-01
Solar fotovoltaica,Cantabria,200.167,2023-01-01
Otras renovables,Cantabria,6457.788,2023-01-01
Cogeneración,Cantabria,18219.822,2023-01-01
Residuos no renovables,Cantabria,3405.2675,2023-01-01
Residuos renovables,Cantabria,3405.2675,2023-01-01
Generación total,Cantabria,58281.299000000006,2023-01-01
Hidráulica,Cantabria,26144.179,2023-02-01
Eólica,Cantabria,4222.24,2023-02-01
Solar fotovoltaica,Cantabria,322.257,2023-02-01
Otras renovables,Cantabria,6250.748,2023-02-01
Cogeneración,Cantabria,67967.652,2023-02-01
Residuos no renovables,Cantabria,3180.4165,2023-02-01
Residuos renovables,Cantabria,3180.4165,2023-02-01
Generación total,Cantabria,111267.909,2023-02-01
Hidráulica,Cantabria,31191.309,2023-03-01
Eólica,Cantabria,9095.827,2023-03-01
Solar fotovoltaica,Cantabria,423.986,2023-03-01
Otras renovables,Cantabria,4119.632,2023-03-01
Cogeneración,Cantabria,71553.113,2023-03-01
Residuos no renovables,Cantabria,3517.879,2023-03-01
Residuos renovables,Cantabria,3517.879,2023-03-01
Generación total,Cantabria,123419.625,2023-03-01
Hidráulica,Cantabria,11075.958,2023-04-01
Eólica,Cantabria,3759.783,2023-04-01
Solar fotovoltaica,Cantabria,506.838,2023-04-01
Otras renovables,Cantabria,6536.202,2023-04-01
Cogeneración,Cantabria,48006.934,2023-04-01
Residuos no renovables,Cantabria,3417.168,2023-04-01
Residuos renovables,Cantabria,3417.168,2023-04-01
Generación total,Cantabria,76720.051,2023-04-01
Hidráulica,Cantabria,14668.023,2023-05-01
Eólica,Cantabria,5414.059,2023-05-01
Solar fotovoltaica,Cantabria,527.547,2023-05-01
Otras renovables,Cantabria,7037.882,2023-05-01
Cogeneración,Cantabria,57746.998,2023-05-01
Residuos no renovables,Cantabria,3532.8295,2023-05-01
Residuos renovables,Cantabria,3532.8295,2023-05-01
Generación total,Cantabria,92460.16799999998,2023-05-01
Hidráulica,Cantabria,16149.28,2023-06-01
Eólica,Cantabria,2973.188,2023-06-01
Solar fotovoltaica,Cantabria,498.341,2023-06-01
Otras renovables,Cantabria,6716.654,2023-06-01
Cogeneración,Cantabria,67118.766,2023-06-01
Residuos no renovables,Cantabria,3390.741,2023-06-01
Residuos renovables,Cantabria,3390.741,2023-06-01
Generación total,Cantabria,100237.711,2023-06-01
Hidráulica,Cantabria,10929.087,2023-07-01
Eólica,Cantabria,2135.73,2023-07-01
Solar fotovoltaica,Cantabria,616.406,2023-07-01
Otras renovables,Cantabria,7054.695,2023-07-01
Cogeneración,Cantabria,36112.877,2023-07-01
Residuos no renovables,Cantabria,3433.04,2023-07-01
Residuos renovables,Cantabria,3433.04,2023-07-01
Generación total,Cantabria,63714.875,2023-07-01
Hidráulica,Cantabria,4249.138,2023-08-01
Eólica,Cantabria,3924.877,2023-08-01
Solar fotovoltaica,Cantabria,591.129,2023-08-01
Otras renovables,Cantabria,7039.047,2023-08-01
Cogeneración,Cantabria,25949.877,2023-08-01
Residuos no renovables,Cantabria,3372.3545,2023-08-01
Residuos renovables,Cantabria,3372.3545,2023-08-01
Generación total,Cantabria,48498.777,2023-08-01
Hidráulica,Cantabria,8804.64,2023-09-01
Eólica,Cantabria,6180.096,2023-09-01
Solar fotovoltaica,Cantabria,502.482,2023-09-01
Otras renovables,Cantabria,6780.288,2023-09-01
Cogeneración,Cantabria,21058.066,2023-09-01
Residuos no renovables,Cantabria,3259.3115,2023-09-01
Residuos renovables,Cantabria,3259.3115,2023-09-01
Generación total,Cantabria,49844.19499999999,2023-09-01
Hidráulica,Cantabria,7153.182,2023-10-01
Eólica,Cantabria,8896.341,2023-10-01
Solar fotovoltaica,Cantabria,398.847,2023-10-01
Otras renovables,Cantabria,6918.053,2023-10-01
Cogeneración,Cantabria,58876.645,2023-10-01
Residuos no renovables,Cantabria,3472.0315,2023-10-01
Residuos renovables,Cantabria,3472.0315,2023-10-01
Generación total,Cantabria,89187.131,2023-10-01
Hidráulica,Cantabria,13427.475,2023-11-01
Eólica,Cantabria,8371.91,2023-11-01
Solar fotovoltaica,Cantabria,237.637,2023-11-01
Otras renovables,Cantabria,6263.522,2023-11-01
Cogeneración,Cantabria,38273.843,2023-11-01
Residuos no renovables,Cantabria,3312.047,2023-11-01
Residuos renovables,Cantabria,3312.047,2023-11-01
Generación total,Cantabria,73198.48100000001,2023-11-01
Hidráulica,Cantabria,18838.609,2023-12-01
Eólica,Cantabria,8958.932,2023-12-01
Solar fotovoltaica,Cantabria,244.383,2023-12-01
Otras renovables,Cantabria,6909.192,2023-12-01
Cogeneración,Cantabria,45976.983,2023-12-01
Residuos no renovables,Cantabria,3442.174,2023-12-01
Residuos renovables,Cantabria,3442.174,2023-12-01
Generación total,Cantabria,87812.447,2023-12-01
Hidráulica,Cantabria,19830.439,2024-01-01
Eólica,Cantabria,6748.431,2024-01-01
Solar fotovoltaica,Cantabria,257.71,2024-01-01
Otras renovables,Cantabria,6236.35,2024-01-01
Cogeneración,Cantabria,54782.498,2024-01-01
Residuos no renovables,Cantabria,3353.7285,2024-01-01
Residuos renovables,Cantabria,3353.7285,2024-01-01
Generación total,Cantabria,94562.885,2024-01-01
Hidráulica,Cantabria,11054.901,2024-02-01
Eólica,Cantabria,6061.721,2024-02-01
Solar fotovoltaica,Cantabria,306.345,2024-02-01
Otras renovables,Cantabria,6401.866,2024-02-01
Cogeneración,Cantabria,42484.803,2024-02-01
Residuos no renovables,Cantabria,3277.4725,2024-02-01
Residuos renovables,Cantabria,3277.4725,2024-02-01
Generación total,Cantabria,72864.581,2024-02-01
Hidráulica,Cantabria,26179.716,2024-03-01
Eólica,Cantabria,6892.368,2024-03-01
Solar fotovoltaica,Cantabria,471.262,2024-03-01
Otras renovables,Cantabria,5964.365,2024-03-01
Cogeneración,Cantabria,13880.414,2024-03-01
Residuos no renovables,Cantabria,1530.681,2024-03-01
Residuos renovables,Cantabria,1530.681,2024-03-01
Generación total,Cantabria,56449.487,2024-03-01
Hidráulica,Cantabria,17127.552,2024-04-01
Eólica,Cantabria,4495.493,2024-04-01
Solar fotovoltaica,Cantabria,588.758,2024-04-01
Otras renovables,Cantabria,349.245,2024-04-01
Cogeneración,Cantabria,1170.474,2024-04-01
Residuos no renovables,Cantabria,3424.7115,2024-04-01
Residuos renovables,Cantabria,3424.7115,2024-04-01
Generación total,Cantabria,30580.945,2024-04-01
Hidráulica,Cantabria,19037.164,2024-05-01
Eólica,Cantabria,3447.467,2024-05-01
Solar fotovoltaica,Cantabria,569.61,2024-05-01
Otras renovables,Cantabria,4820.384,2024-05-01
Cogeneración,Cantabria,4992.459,2024-05-01
Residuos no renovables,Cantabria,3518.6895,2024-05-01
Residuos renovables,Cantabria,3518.6895,2024-05-01
Generación total,Cantabria,39904.463,2024-05-01
Hidráulica,Cantabria,14805.85,2024-06-01
Eólica,Cantabria,2154.382,2024-06-01
Solar fotovoltaica,Cantabria,526.226,2024-06-01
Otras renovables,Cantabria,6541.358,2024-06-01
Cogeneración,Cantabria,6081.544,2024-06-01
Residuos no renovables,Cantabria,3356.1345,2024-06-01
Residuos renovables,Cantabria,3356.1345,2024-06-01
Generación total,Cantabria,36821.629,2024-06-01
Hidráulica,Cantabria,11411.823,2024-07-01
Eólica,Cantabria,2565.585,2024-07-01
Solar fotovoltaica,Cantabria,660.158,2024-07-01
Otras renovables,Cantabria,6878.659,2024-07-01
Cogeneración,Cantabria,1085.329,2024-07-01
Residuos no renovables,Cantabria,3478.126,2024-07-01
Residuos renovables,Cantabria,3478.126,2024-07-01
Generación total,Cantabria,29557.806,2024-07-01
Hidráulica,Cantabria,2090.945,2024-08-01
Eólica,Cantabria,1790.541,2024-08-01
Solar fotovoltaica,Cantabria,607.162,2024-08-01
Otras renovables,Cantabria,5288.172,2024-08-01
Cogeneración,Cantabria,1616.096,2024-08-01
Residuos no renovables,Cantabria,3394.897,2024-08-01
Residuos renovables,Cantabria,3394.897,2024-08-01
Generación total,Cantabria,18182.71,2024-08-01
Hidráulica,Cantabria,10004.064,2024-09-01
Eólica,Cantabria,3750.04,2024-09-01
Solar fotovoltaica,Cantabria,470.937,2024-09-01
Otras renovables,Cantabria,5541.256,2024-09-01
Cogeneración,Cantabria,28.077,2024-09-01
Residuos no renovables,Cantabria,3162.917,2024-09-01
Residuos renovables,Cantabria,3162.917,2024-09-01
Generación total,Cantabria,26120.208,2024-09-01
Hidráulica,Cantabria,17568.971,2024-10-01
Eólica,Cantabria,6540.574,2024-10-01
Solar fotovoltaica,Cantabria,350.813,2024-10-01
Otras renovables,Cantabria,3337.789,2024-10-01
Cogeneración,Cantabria,9.761,2024-10-01
Residuos no renovables,Cantabria,3360.608,2024-10-01
Residuos renovables,Cantabria,3360.608,2024-10-01
Generación total,Cantabria,34529.124,2024-10-01
Hidráulica,Cantabria,18594.656,2024-11-01
Eólica,Cantabria,6426.09,2024-11-01
Solar fotovoltaica,Cantabria,294.398,2024-11-01
Otras renovables,Cantabria,4310.311,2024-11-01
Cogeneración,Cantabria,64.259,2024-11-01
Residuos no renovables,Cantabria,3315.207,2024-11-01
Residuos renovables,Cantabria,3315.207,2024-11-01
Generación total,Cantabria,36320.128,2024-11-01
Hidráulica,Cantabria,36746.144,2024-12-01
Eólica,Cantabria,6672.082,2024-12-01
Solar fotovoltaica,Cantabria,245.057,2024-12-01
Otras renovables,Cantabria,7113.849,2024-12-01
Cogeneración,Cantabria,110.013,2024-12-01
Residuos no renovables,Cantabria,3465.9365,2024-12-01
Residuos renovables,Cantabria,3465.9365,2024-12-01
Generación total,Cantabria,57819.018,2024-12-01
