variable,comunidad,valor,fecha
Hidráulica,Galicia,1584615.676,2023-01-01
Carbón,Galicia,24378.718,2023-01-01
Ciclo combinado,Galicia,302805.602,2023-01-01
Eólica,Galicia,1175200.376,2023-01-01
Solar fotovoltaica,Galicia,1035.82,2023-01-01
Otras renovables,Galicia,22892.445,2023-01-01
Cogeneración,Galicia,102999.599,2023-01-01
Residuos no renovables,Galicia,12403.516,2023-01-01
Residuos renovables,Galicia,12403.516,2023-01-01
Generación total,Galicia,3238735.267999999,2023-01-01
Hidráulica,Galicia,848096.146,2023-02-01
Carbón,Galicia,66646.234,2023-02-01
Ciclo combinado,Galicia,329955.401,2023-02-01
Eólica,Galicia,662961.151,2023-02-01
Solar fotovoltaica,Galicia,1752.562,2023-02-01
Otras renovables,Galicia,28590.94,2023-02-01
Cogeneración,Galicia,115050.238,2023-02-01
Residuos no renovables,Galicia,14515.526,2023-02-01
Residuos renovables,Galicia,14515.526,2023-02-01
Generación total,Galicia,2082083.724,2023-02-01
Hidráulica,Galicia,699405.956,2023-03-01
Carbón,Galicia,153400.643,2023-03-01
Ciclo combinado,Galicia,136401.062,2023-03-01
Eólica,Galicia,1214148.924,2023-03-01
Solar fotovoltaica,Galicia,1778.753,2023-03-01
Otras renovables,Galicia,29566.064,2023-03-01
Cogeneración,Galicia,105153.134,2023-03-01
Residuos no renovables,Galicia,13928.3325,2023-03-01
Residuos renovables,Galicia,13928.3325,2023-03-01
Generación total,Galicia,2367711.201,2023-03-01
Hidráulica,Galicia,489805.659,2023-04-01
Carbón,Galicia,51341.926,2023-04-01
Ciclo combinado,Galicia,304369.027,2023-04-01
Eólica,Galicia,567250.397,2023-04-01
Solar fotovoltaica,Galicia,2359.495,2023-04-01
Otras renovables,Galicia,22556.143,2023-04-01
Cogeneración,Galicia,106537.124,2023-04-01
Residuos no renovables,Galicia,15792.1785,2023-04-01
Residuos renovables,Galicia,15792.1785,2023-04-01
Generación total,Galicia,1575804.128,2023-04-01
Hidráulica,Galicia,396907.085,2023-05-01
Carbón,Galicia,11827.207,2023-05-01
Ciclo combinado,Galicia,351578.667,2023-05-01
Eólica,Galicia,824068.386,2023-05-01
Solar fotovoltaica,Galicia,2668.852,2023-05-01
Otras renovables,Galicia,35797.363,2023-05-01
Cogeneración,Galicia,98257.468,2023-05-01
Residuos no renovables,Galicia,1991.9325,2023-05-01
Residuos renovables,Galicia,1991.9325,2023-05-01
Generación total,Galicia,1725088.8930000002,2023-05-01
Hidráulica,Galicia,372574.818,2023-06-01
Carbón,Galicia,NA,2023-06-01
Ciclo combinado,Galicia,475507.368,2023-06-01
Eólica,Galicia,330309.113,2023-06-01
Solar fotovoltaica,Galicia,2425.607,2023-06-01
Otras renovables,Galicia,34723.717,2023-06-01
Cogeneración,Galicia,98923.799,2023-06-01
Residuos no renovables,Galicia,11093.5505,2023-06-01
Residuos renovables,Galicia,11093.5505,2023-06-01
Generación total,Galicia,1336651.523,2023-06-01
Hidráulica,Galicia,147715.554,2023-07-01
Carbón,Galicia,40524.038,2023-07-01
Ciclo combinado,Galicia,402424.521,2023-07-01
Eólica,Galicia,388758.61,2023-07-01
Solar fotovoltaica,Galicia,2804.435,2023-07-01
Otras renovables,Galicia,32095.605,2023-07-01
Cogeneración,Galicia,102633.056,2023-07-01
Residuos no renovables,Galicia,15943.8365,2023-07-01
Residuos renovables,Galicia,15943.8365,2023-07-01
Generación total,Galicia,1148843.492,2023-07-01
Hidráulica,Galicia,125597.773,2023-08-01
Carbón,Galicia,163843,2023-08-01
Ciclo combinado,Galicia,369664.989,2023-08-01
Eólica,Galicia,463355.503,2023-08-01
Solar fotovoltaica,Galicia,2588.866,2023-08-01
Otras renovables,Galicia,37422.276,2023-08-01
Cogeneración,Galicia,81161.131,2023-08-01
Residuos no renovables,Galicia,14393.964,2023-08-01
Residuos renovables,Galicia,14393.964,2023-08-01
Generación total,Galicia,1272421.466,2023-08-01
Hidráulica,Galicia,154700.81,2023-09-01
Carbón,Galicia,145348.592,2023-09-01
Ciclo combinado,Galicia,324243.889,2023-09-01
Eólica,Galicia,566286.286,2023-09-01
Solar fotovoltaica,Galicia,1937.826,2023-09-01
Otras renovables,Galicia,22451.14,2023-09-01
Cogeneración,Galicia,96158.668,2023-09-01
Residuos no renovables,Galicia,16421.367,2023-09-01
Residuos renovables,Galicia,16421.367,2023-09-01
Generación total,Galicia,1343969.945,2023-09-01
Hidráulica,Galicia,541894.621,2023-10-01
Carbón,Galicia,19438.648,2023-10-01
Ciclo combinado,Galicia,322978.046,2023-10-01
Eólica,Galicia,990743.723,2023-10-01
Solar fotovoltaica,Galicia,1340.929,2023-10-01
Otras renovables,Galicia,35913.332,2023-10-01
Cogeneración,Galicia,72422.583,2023-10-01
Residuos no renovables,Galicia,16899.136,2023-10-01
Residuos renovables,Galicia,16899.136,2023-10-01
Generación total,Galicia,2018530.154,2023-10-01
Hidráulica,Galicia,1498029.014,2023-11-01
Carbón,Galicia,NA,2023-11-01
Ciclo combinado,Galicia,231958.705,2023-11-01
Eólica,Galicia,1024962.942,2023-11-01
Solar fotovoltaica,Galicia,802.387,2023-11-01
Otras renovables,Galicia,28262.378,2023-11-01
Cogeneración,Galicia,72741.41,2023-11-01
Residuos no renovables,Galicia,12181.374,2023-11-01
Residuos renovables,Galicia,12181.374,2023-11-01
Generación total,Galicia,2881119.5840000003,2023-11-01
Hidráulica,Galicia,1573813.311,2023-12-01
Carbón,Galicia,NA,2023-12-01
Ciclo combinado,Galicia,236381.183,2023-12-01
Eólica,Galicia,899129.215,2023-12-01
Solar fotovoltaica,Galicia,777.345,2023-12-01
Otras renovables,Galicia,24756.775,2023-12-01
Cogeneración,Galicia,90113.892,2023-12-01
Residuos no renovables,Galicia,14236.0375,2023-12-01
Residuos renovables,Galicia,14236.0375,2023-12-01
Generación total,Galicia,2853443.796,2023-12-01
Hidráulica,Galicia,1440308.158,2024-01-01
Carbón,Galicia,NA,2024-01-01
Ciclo combinado,Galicia,214749.096,2024-01-01
Eólica,Galicia,979223.477,2024-01-01
Solar fotovoltaica,Galicia,871.45,2024-01-01
Otras renovables,Galicia,28307.769,2024-01-01
Cogeneración,Galicia,130468.253,2024-01-01
Residuos no renovables,Galicia,8140.1785,2024-01-01
Residuos renovables,Galicia,8140.1785,2024-01-01
Generación total,Galicia,2810208.56,2024-01-01
Hidráulica,Galicia,1118843.701,2024-02-01
Carbón,Galicia,NA,2024-02-01
Ciclo combinado,Galicia,123630.465,2024-02-01
Eólica,Galicia,834514.15,2024-02-01
Solar fotovoltaica,Galicia,1273.144,2024-02-01
Otras renovables,Galicia,30490.096,2024-02-01
Cogeneración,Galicia,104748.237,2024-02-01
Residuos no renovables,Galicia,15104.9255,2024-02-01
Residuos renovables,Galicia,15104.9255,2024-02-01
Generación total,Galicia,2243709.6440000003,2024-02-01
Hidráulica,Galicia,1669937.827,2024-03-01
Carbón,Galicia,NA,2024-03-01
Ciclo combinado,Galicia,127223.157,2024-03-01
Eólica,Galicia,919718.488,2024-03-01
Solar fotovoltaica,Galicia,1612.693,2024-03-01
Otras renovables,Galicia,13748.905,2024-03-01
Cogeneración,Galicia,103504.228,2024-03-01
Residuos no renovables,Galicia,16090.7935,2024-03-01
Residuos renovables,Galicia,16090.7935,2024-03-01
Generación total,Galicia,2867926.885,2024-03-01
Hidráulica,Galicia,1166122.699,2024-04-01
Carbón,Galicia,NA,2024-04-01
Ciclo combinado,Galicia,101237.065,2024-04-01
Eólica,Galicia,718578.813,2024-04-01
Solar fotovoltaica,Galicia,2490.88,2024-04-01
Otras renovables,Galicia,32539.338,2024-04-01
Cogeneración,Galicia,80289.325,2024-04-01
Residuos no renovables,Galicia,14246.782,2024-04-01
Residuos renovables,Galicia,14246.782,2024-04-01
Generación total,Galicia,2129751.6840000004,2024-04-01
Hidráulica,Galicia,938692.495,2024-05-01
Carbón,Galicia,NA,2024-05-01
Ciclo combinado,Galicia,141507.353,2024-05-01
Eólica,Galicia,585718.013,2024-05-01
Solar fotovoltaica,Galicia,2444.073,2024-05-01
Otras renovables,Galicia,33402.959,2024-05-01
Cogeneración,Galicia,111283.085,2024-05-01
Residuos no renovables,Galicia,13931.254,2024-05-01
Residuos renovables,Galicia,13931.254,2024-05-01
Generación total,Galicia,1840910.486,2024-05-01
Hidráulica,Galicia,517591.762,2024-06-01
Carbón,Galicia,NA,2024-06-01
Ciclo combinado,Galicia,129951.891,2024-06-01
Eólica,Galicia,698759.112,2024-06-01
Solar fotovoltaica,Galicia,2494.856,2024-06-01
Otras renovables,Galicia,36236.042,2024-06-01
Cogeneración,Galicia,110751.225,2024-06-01
Residuos no renovables,Galicia,15451.265,2024-06-01
Residuos renovables,Galicia,15451.265,2024-06-01
Generación total,Galicia,1526687.4179999996,2024-06-01
Hidráulica,Galicia,256702.909,2024-07-01
Carbón,Galicia,NA,2024-07-01
Ciclo combinado,Galicia,204985.763,2024-07-01
Eólica,Galicia,553313.586,2024-07-01
Solar fotovoltaica,Galicia,2877.631,2024-07-01
Otras renovables,Galicia,33259.579,2024-07-01
Cogeneración,Galicia,115654.343,2024-07-01
Residuos no renovables,Galicia,15111.371,2024-07-01
Residuos renovables,Galicia,15111.371,2024-07-01
Generación total,Galicia,1197016.5530000003,2024-07-01
Hidráulica,Galicia,280733.552,2024-08-01
Carbón,Galicia,NA,2024-08-01
Ciclo combinado,Galicia,200145.829,2024-08-01
Eólica,Galicia,463500.929,2024-08-01
Solar fotovoltaica,Galicia,2782.007,2024-08-01
Otras renovables,Galicia,30977.012,2024-08-01
Cogeneración,Galicia,89405.96,2024-08-01
Residuos no renovables,Galicia,13503.8485,2024-08-01
Residuos renovables,Galicia,13503.8485,2024-08-01
Generación total,Galicia,1094552.9860000005,2024-08-01
Hidráulica,Galicia,365292.561,2024-09-01
Carbón,Galicia,NA,2024-09-01
Ciclo combinado,Galicia,186464.1,2024-09-01
Eólica,Galicia,667905.825,2024-09-01
Solar fotovoltaica,Galicia,1870.471,2024-09-01
Otras renovables,Galicia,15752.413,2024-09-01
Cogeneración,Galicia,97628.186,2024-09-01
Residuos no renovables,Galicia,13631.4745,2024-09-01
Residuos renovables,Galicia,13631.4745,2024-09-01
Generación total,Galicia,1362176.505,2024-09-01
Hidráulica,Galicia,875001.711,2024-10-01
Carbón,Galicia,NA,2024-10-01
Ciclo combinado,Galicia,196559.757,2024-10-01
Eólica,Galicia,912652.65,2024-10-01
Solar fotovoltaica,Galicia,1206.315,2024-10-01
Otras renovables,Galicia,9790.87,2024-10-01
Cogeneración,Galicia,94868.649,2024-10-01
Residuos no renovables,Galicia,11319.444,2024-10-01
Residuos renovables,Galicia,11319.444,2024-10-01
Generación total,Galicia,2112718.8400000003,2024-10-01
Hidráulica,Galicia,804499.819,2024-11-01
Carbón,Galicia,NA,2024-11-01
Ciclo combinado,Galicia,237369.848,2024-11-01
Eólica,Galicia,880068.213,2024-11-01
Solar fotovoltaica,Galicia,1121.218,2024-11-01
Otras renovables,Galicia,34697.682,2024-11-01
Cogeneración,Galicia,114899.896,2024-11-01
Residuos no renovables,Galicia,16140.549,2024-11-01
Residuos renovables,Galicia,16140.549,2024-11-01
Generación total,Galicia,2104937.774,2024-11-01
Hidráulica,Galicia,697074.623,2024-12-01
Carbón,Galicia,NA,2024-12-01
Ciclo combinado,Galicia,270244.133,2024-12-01
Eólica,Galicia,646443.395,2024-12-01
Solar fotovoltaica,Galicia,956.404,2024-12-01
Otras renovables,Galicia,36574.516,2024-12-01
Cogeneración,Galicia,102786.02,2024-12-01
Residuos no renovables,Galicia,16390.9815,2024-12-01
Residuos renovables,Galicia,16390.9815,2024-12-01
Generación total,Galicia,1786861.0540000002,2024-12-01
