variable,comunidad,valor,fecha
Hidráulica,Murcia,3629.193,2023-01-01
Ciclo combinado,Murcia,335275.331,2023-01-01
Eólica,Murcia,56051.534,2023-01-01
Solar fotovoltaica,Murcia,136930.639,2023-01-01
Solar térmica,Murcia,1259.723,2023-01-01
Otras renovables,Murcia,2356.086,2023-01-01
Cogeneración,Murcia,76614.473,2023-01-01
Generación total,Murcia,612116.979,2023-01-01
Hidráulica,Murcia,3589.697,2023-02-01
Ciclo combinado,Murcia,425318.054,2023-02-01
Eólica,Murcia,32515.969,2023-02-01
Solar fotovoltaica,Murcia,122610.74,2023-02-01
Solar térmica,Murcia,1077.041,2023-02-01
Otras renovables,Murcia,2930.354,2023-02-01
Cogeneración,Murcia,103863.871,2023-02-01
Generación total,Murcia,691905.726,2023-02-01
Hidráulica,Murcia,7661.786,2023-03-01
Ciclo combinado,Murcia,382975.665,2023-03-01
Eólica,Murcia,45719.137,2023-03-01
Solar fotovoltaica,Murcia,213457.674,2023-03-01
Solar térmica,Murcia,4024.465,2023-03-01
Otras renovables,Murcia,1779.373,2023-03-01
Cogeneración,Murcia,114205.258,2023-03-01
Generación total,Murcia,769823.358,2023-03-01
Hidráulica,Murcia,8870.904,2023-04-01
Ciclo combinado,Murcia,346018.317,2023-04-01
Eólica,Murcia,34236.671,2023-04-01
Solar fotovoltaica,Murcia,232050.56,2023-04-01
Solar térmica,Murcia,5454.147,2023-04-01
Otras renovables,Murcia,1829.883,2023-04-01
Cogeneración,Murcia,99853.351,2023-04-01
Generación total,Murcia,728313.8330000001,2023-04-01
Hidráulica,Murcia,7053.715,2023-05-01
Ciclo combinado,Murcia,431419.138,2023-05-01
Eólica,Murcia,23283.292,2023-05-01
Solar fotovoltaica,Murcia,213244.919,2023-05-01
Solar térmica,Murcia,3026.052,2023-05-01
Otras renovables,Murcia,3340.794,2023-05-01
Cogeneración,Murcia,118354.377,2023-05-01
Generación total,Murcia,799722.287,2023-05-01
Hidráulica,Murcia,5952.686,2023-06-01
Ciclo combinado,Murcia,411155.008,2023-06-01
Eólica,Murcia,13183.41,2023-06-01
Solar fotovoltaica,Murcia,237037.889,2023-06-01
Solar térmica,Murcia,4198.788,2023-06-01
Otras renovables,Murcia,3500.168,2023-06-01
Cogeneración,Murcia,116409.768,2023-06-01
Generación total,Murcia,791437.7169999998,2023-06-01
Hidráulica,Murcia,10531.673,2023-07-01
Ciclo combinado,Murcia,473612.937,2023-07-01
Eólica,Murcia,15292.456,2023-07-01
Solar fotovoltaica,Murcia,248116.921,2023-07-01
Solar térmica,Murcia,4680.565,2023-07-01
Otras renovables,Murcia,2030.679,2023-07-01
Cogeneración,Murcia,105914.381,2023-07-01
Generación total,Murcia,860179.612,2023-07-01
Hidráulica,Murcia,9939.082,2023-08-01
Ciclo combinado,Murcia,581973.601,2023-08-01
Eólica,Murcia,19413.018,2023-08-01
Solar fotovoltaica,Murcia,254803.341,2023-08-01
Solar térmica,Murcia,5762.117,2023-08-01
Otras renovables,Murcia,1941.943,2023-08-01
Cogeneración,Murcia,78219.583,2023-08-01
Generación total,Murcia,952052.685,2023-08-01
Hidráulica,Murcia,7537.149,2023-09-01
Ciclo combinado,Murcia,477892.085,2023-09-01
Eólica,Murcia,20549.406,2023-09-01
Solar fotovoltaica,Murcia,192466.951,2023-09-01
Solar térmica,Murcia,2936.607,2023-09-01
Otras renovables,Murcia,1764.647,2023-09-01
Cogeneración,Murcia,77396.103,2023-09-01
Generación total,Murcia,780542.948,2023-09-01
Hidráulica,Murcia,6355.847,2023-10-01
Ciclo combinado,Murcia,415023.132,2023-10-01
Eólica,Murcia,34068.469,2023-10-01
Solar fotovoltaica,Murcia,175004.17,2023-10-01
Solar térmica,Murcia,2444.086,2023-10-01
Otras renovables,Murcia,1913.657,2023-10-01
Cogeneración,Murcia,83622.681,2023-10-01
Generación total,Murcia,718432.042,2023-10-01
Hidráulica,Murcia,5828.705,2023-11-01
Ciclo combinado,Murcia,282599.131,2023-11-01
Eólica,Murcia,57036.66,2023-11-01
Solar fotovoltaica,Murcia,152049.778,2023-11-01
Solar térmica,Murcia,1374.016,2023-11-01
Otras renovables,Murcia,1973.453,2023-11-01
Cogeneración,Murcia,74655.762,2023-11-01
Generación total,Murcia,575517.505,2023-11-01
Hidráulica,Murcia,5062.634,2023-12-01
Ciclo combinado,Murcia,303293.815,2023-12-01
Eólica,Murcia,47375.335,2023-12-01
Solar fotovoltaica,Murcia,127049.72,2023-12-01
Solar térmica,Murcia,1058.044,2023-12-01
Otras renovables,Murcia,2148.835,2023-12-01
Cogeneración,Murcia,94572.631,2023-12-01
Generación total,Murcia,580561.0140000001,2023-12-01
Hidráulica,Murcia,5692.589,2024-01-01
Ciclo combinado,Murcia,299055.05,2024-01-01
Eólica,Murcia,43567.331,2024-01-01
Solar fotovoltaica,Murcia,116562.545,2024-01-01
Solar térmica,Murcia,696.866,2024-01-01
Otras renovables,Murcia,2035.929,2024-01-01
Cogeneración,Murcia,119589.681,2024-01-01
Generación total,Murcia,587199.9909999999,2024-01-01
Hidráulica,Murcia,5056.849,2024-02-01
Ciclo combinado,Murcia,254887.506,2024-02-01
Eólica,Murcia,53084.951,2024-02-01
Solar fotovoltaica,Murcia,172479.658,2024-02-01
Solar térmica,Murcia,1799.118,2024-02-01
Otras renovables,Murcia,1746.519,2024-02-01
Cogeneración,Murcia,90663.27,2024-02-01
Generación total,Murcia,579717.8709999999,2024-02-01
Hidráulica,Murcia,7360.505,2024-03-01
Ciclo combinado,Murcia,242519.7,2024-03-01
Eólica,Murcia,41769.352,2024-03-01
Solar fotovoltaica,Murcia,214375.313,2024-03-01
Solar térmica,Murcia,1736.294,2024-03-01
Otras renovables,Murcia,2025.904,2024-03-01
Cogeneración,Murcia,100831.437,2024-03-01
Generación total,Murcia,610618.505,2024-03-01
Hidráulica,Murcia,9268.77,2024-04-01
Ciclo combinado,Murcia,255275.347,2024-04-01
Eólica,Murcia,19633.297,2024-04-01
Solar fotovoltaica,Murcia,250838.117,2024-04-01
Solar térmica,Murcia,3687.714,2024-04-01
Otras renovables,Murcia,1999.614,2024-04-01
Cogeneración,Murcia,79303.213,2024-04-01
Generación total,Murcia,620006.072,2024-04-01
Hidráulica,Murcia,10546.924,2024-05-01
Ciclo combinado,Murcia,231545.398,2024-05-01
Eólica,Murcia,27577.563,2024-05-01
Solar fotovoltaica,Murcia,304926.77,2024-05-01
Solar térmica,Murcia,5552.367,2024-05-01
Otras renovables,Murcia,1800.26,2024-05-01
Cogeneración,Murcia,106142.273,2024-05-01
Generación total,Murcia,688091.555,2024-05-01
Hidráulica,Murcia,8805.774,2024-06-01
Ciclo combinado,Murcia,226604.283,2024-06-01
Eólica,Murcia,21122.923,2024-06-01
Solar fotovoltaica,Murcia,276096.743,2024-06-01
Solar térmica,Murcia,3801.639,2024-06-01
Otras renovables,Murcia,2042.78,2024-06-01
Cogeneración,Murcia,109593.386,2024-06-01
Generación total,Murcia,648067.5279999999,2024-06-01
Hidráulica,Murcia,10771.086,2024-07-01
Ciclo combinado,Murcia,367199.205,2024-07-01
Eólica,Murcia,17289.443,2024-07-01
Solar fotovoltaica,Murcia,328201.268,2024-07-01
Solar térmica,Murcia,5196.186,2024-07-01
Otras renovables,Murcia,2059.39,2024-07-01
Cogeneración,Murcia,111228.133,2024-07-01
Generación total,Murcia,841944.7110000001,2024-07-01
Hidráulica,Murcia,11268.59,2024-08-01
Ciclo combinado,Murcia,362787.315,2024-08-01
Eólica,Murcia,15619.723,2024-08-01
Solar fotovoltaica,Murcia,290657.643,2024-08-01
Solar térmica,Murcia,4311.965,2024-08-01
Otras renovables,Murcia,2239.133,2024-08-01
Cogeneración,Murcia,118232.835,2024-08-01
Generación total,Murcia,805117.2039999999,2024-08-01
Hidráulica,Murcia,9146.933,2024-09-01
Ciclo combinado,Murcia,301358.209,2024-09-01
Eólica,Murcia,19074.308,2024-09-01
Solar fotovoltaica,Murcia,226467.235,2024-09-01
Solar térmica,Murcia,1594.228,2024-09-01
Otras renovables,Murcia,1766.856,2024-09-01
Cogeneración,Murcia,97220.279,2024-09-01
Generación total,Murcia,656628.0480000001,2024-09-01
Hidráulica,Murcia,6609.464,2024-10-01
Ciclo combinado,Murcia,329237.103,2024-10-01
Eólica,Murcia,40543.408,2024-10-01
Solar fotovoltaica,Murcia,184581.441,2024-10-01
Solar térmica,Murcia,976.295,2024-10-01
Otras renovables,Murcia,2075.858,2024-10-01
Cogeneración,Murcia,72662.688,2024-10-01
Generación total,Murcia,636686.257,2024-10-01
Hidráulica,Murcia,3630.245,2024-11-01
Ciclo combinado,Murcia,396962.772,2024-11-01
Eólica,Murcia,18090.654,2024-11-01
Solar fotovoltaica,Murcia,136365.63,2024-11-01
Solar térmica,Murcia,780.75,2024-11-01
Otras renovables,Murcia,2050.744,2024-11-01
Cogeneración,Murcia,115075.762,2024-11-01
Generación total,Murcia,672956.5569999999,2024-11-01
Hidráulica,Murcia,4914.013,2024-12-01
Ciclo combinado,Murcia,432042.598,2024-12-01
Eólica,Murcia,38185.674,2024-12-01
Solar fotovoltaica,Murcia,143519.684,2024-12-01
Solar térmica,Murcia,777.848,2024-12-01
Otras renovables,Murcia,2408.87,2024-12-01
Cogeneración,Murcia,105922.591,2024-12-01
Generación total,Murcia,727771.278,2024-12-01
