variable,comunidad,valor,fecha
Hidráulica,Extremadura,382387.368,2023-01-01
Nuclear,Extremadura,1435529.004,2023-01-01
Eólica,Extremadura,9889.01,2023-01-01
Solar fotovoltaica,Extremadura,443761.727,2023-01-01
Solar térmica,Extremadura,40496.18,2023-01-01
Otras renovables,Extremadura,17488.592,2023-01-01
Cogeneración,Extremadura,2903.102,2023-01-01
Generación total,Extremadura,2332454.9830000005,2023-01-01
Hidráulica,Extremadura,276135.413,2023-02-01
Nuclear,Extremadura,1359350.196,2023-02-01
Eólica,Extremadura,14350.656,2023-02-01
Solar fotovoltaica,Extremadura,619850.315,2023-02-01
Solar térmica,Extremadura,79341.144,2023-02-01
Otras renovables,Extremadura,22320.296,2023-02-01
Cogeneración,Extremadura,4332.116,2023-02-01
Generación total,Extremadura,2375680.136,2023-02-01
Hidráulica,Extremadura,121806.844,2023-03-01
Nuclear,Extremadura,1490718.636,2023-03-01
Eólica,Extremadura,8488.186,2023-03-01
Solar fotovoltaica,Extremadura,792766.773,2023-03-01
Solar térmica,Extremadura,148114.563,2023-03-01
Otras renovables,Extremadura,19151.074,2023-03-01
Cogeneración,Extremadura,4620.868,2023-03-01
Generación total,Extremadura,2585666.944,2023-03-01
Hidráulica,Extremadura,109323.837,2023-04-01
Nuclear,Extremadura,1085384.958,2023-04-01
Eólica,Extremadura,8674.659,2023-04-01
Solar fotovoltaica,Extremadura,1015812.203,2023-04-01
Solar térmica,Extremadura,262799.787,2023-04-01
Otras renovables,Extremadura,12969.687,2023-04-01
Cogeneración,Extremadura,3637.378,2023-04-01
Generación total,Extremadura,2498602.509,2023-04-01
Hidráulica,Extremadura,76589.416,2023-05-01
Nuclear,Extremadura,932308.047,2023-05-01
Eólica,Extremadura,9356.909,2023-05-01
Solar fotovoltaica,Extremadura,1035900.651,2023-05-01
Solar térmica,Extremadura,204933.076,2023-05-01
Otras renovables,Extremadura,22936.442,2023-05-01
Cogeneración,Extremadura,4600.427,2023-05-01
Generación total,Extremadura,2286624.968,2023-05-01
Hidráulica,Extremadura,188361.222,2023-06-01
Nuclear,Extremadura,1425830.275,2023-06-01
Eólica,Extremadura,6607.188,2023-06-01
Solar fotovoltaica,Extremadura,940804.847,2023-06-01
Solar térmica,Extremadura,207433.847,2023-06-01
Otras renovables,Extremadura,19980.716,2023-06-01
Cogeneración,Extremadura,4427.544,2023-06-01
Generación total,Extremadura,2793445.6390000004,2023-06-01
Hidráulica,Extremadura,182733.831,2023-07-01
Nuclear,Extremadura,1470404.358,2023-07-01
Eólica,Extremadura,6080.876,2023-07-01
Solar fotovoltaica,Extremadura,1019749.603,2023-07-01
Solar térmica,Extremadura,309488.867,2023-07-01
Otras renovables,Extremadura,16051.377,2023-07-01
Cogeneración,Extremadura,2904.596,2023-07-01
Generación total,Extremadura,3007413.508,2023-07-01
Hidráulica,Extremadura,77351.275,2023-08-01
Nuclear,Extremadura,1458021.529,2023-08-01
Eólica,Extremadura,8476.349,2023-08-01
Solar fotovoltaica,Extremadura,1093934.352,2023-08-01
Solar térmica,Extremadura,277732.036,2023-08-01
Otras renovables,Extremadura,20001.928,2023-08-01
Cogeneración,Extremadura,1801.939,2023-08-01
Generación total,Extremadura,2937319.408,2023-08-01
Hidráulica,Extremadura,60753.645,2023-09-01
Nuclear,Extremadura,1425026.148,2023-09-01
Eólica,Extremadura,7033.705,2023-09-01
Solar fotovoltaica,Extremadura,805476.731,2023-09-01
Solar térmica,Extremadura,151205.359,2023-09-01
Otras renovables,Extremadura,18603.573,2023-09-01
Cogeneración,Extremadura,3429.508,2023-09-01
Generación total,Extremadura,2471528.669,2023-09-01
Hidráulica,Extremadura,97072.505,2023-10-01
Nuclear,Extremadura,1444176.246,2023-10-01
Eólica,Extremadura,10692.616,2023-10-01
Solar fotovoltaica,Extremadura,575794.584,2023-10-01
Solar térmica,Extremadura,75061.533,2023-10-01
Otras renovables,Extremadura,13243.982,2023-10-01
Cogeneración,Extremadura,3367.543,2023-10-01
Generación total,Extremadura,2219409.009,2023-10-01
Hidráulica,Extremadura,185023.472,2023-11-01
Nuclear,Extremadura,1360705.278,2023-11-01
Eólica,Extremadura,8773.345,2023-11-01
Solar fotovoltaica,Extremadura,423685.253,2023-11-01
Solar térmica,Extremadura,32894.217,2023-11-01
Otras renovables,Extremadura,11319.97,2023-11-01
Cogeneración,Extremadura,2093.025,2023-11-01
Generación total,Extremadura,2024494.56,2023-11-01
Hidráulica,Extremadura,360752.461,2023-12-01
Nuclear,Extremadura,1504088.965,2023-12-01
Eólica,Extremadura,7596.604,2023-12-01
Solar fotovoltaica,Extremadura,424036.179,2023-12-01
Solar térmica,Extremadura,27088.245,2023-12-01
Otras renovables,Extremadura,17998.565,2023-12-01
Cogeneración,Extremadura,3067.283,2023-12-01
Generación total,Extremadura,2344628.302,2023-12-01
Hidráulica,Extremadura,482160.594,2024-01-01
Nuclear,Extremadura,1502889.552,2024-01-01
Eólica,Extremadura,16688.412,2024-01-01
Solar fotovoltaica,Extremadura,456649.594,2024-01-01
Solar térmica,Extremadura,34860.643,2024-01-01
Otras renovables,Extremadura,15177.911,2024-01-01
Cogeneración,Extremadura,3907.356,2024-01-01
Generación total,Extremadura,2512334.062,2024-01-01
Hidráulica,Extremadura,449149.2,2024-02-01
Nuclear,Extremadura,1336918.769,2024-02-01
Eólica,Extremadura,20061.756,2024-02-01
Solar fotovoltaica,Extremadura,577056.967,2024-02-01
Solar térmica,Extremadura,61141.75,2024-02-01
Otras renovables,Extremadura,8942.694,2024-02-01
Cogeneración,Extremadura,3860.8,2024-02-01
Generación total,Extremadura,2457131.936,2024-02-01
Hidráulica,Extremadura,556581.971,2024-03-01
Nuclear,Extremadura,931657.941,2024-03-01
Eólica,Extremadura,25340.917,2024-03-01
Solar fotovoltaica,Extremadura,655488.857,2024-03-01
Solar térmica,Extremadura,48550.609,2024-03-01
Otras renovables,Extremadura,17330.266,2024-03-01
Cogeneración,Extremadura,3236.479,2024-03-01
Generación total,Extremadura,2238187.04,2024-03-01
Hidráulica,Extremadura,437644.666,2024-04-01
Nuclear,Extremadura,724708.098,2024-04-01
Eólica,Extremadura,14998.573,2024-04-01
Solar fotovoltaica,Extremadura,848889.975,2024-04-01
Solar térmica,Extremadura,187665.792,2024-04-01
Otras renovables,Extremadura,16710.453,2024-04-01
Cogeneración,Extremadura,2930.026,2024-04-01
Generación total,Extremadura,2233547.583,2024-04-01
Hidráulica,Extremadura,163390.708,2024-05-01
Nuclear,Extremadura,1308896.647,2024-05-01
Eólica,Extremadura,15699.127,2024-05-01
Solar fotovoltaica,Extremadura,1169560.446,2024-05-01
Solar térmica,Extremadura,239041.085,2024-05-01
Otras renovables,Extremadura,22172.634,2024-05-01
Cogeneración,Extremadura,3056.483,2024-05-01
Generación total,Extremadura,2921817.1300000004,2024-05-01
Hidráulica,Extremadura,256057.428,2024-06-01
Nuclear,Extremadura,1384039.248,2024-06-01
Eólica,Extremadura,11376.514,2024-06-01
Solar fotovoltaica,Extremadura,1096897.279,2024-06-01
Solar térmica,Extremadura,184976.308,2024-06-01
Otras renovables,Extremadura,19492.623,2024-06-01
Cogeneración,Extremadura,3285.1,2024-06-01
Generación total,Extremadura,2956124.5000000005,2024-06-01
Hidráulica,Extremadura,354012.85,2024-07-01
Nuclear,Extremadura,1468222.554,2024-07-01
Eólica,Extremadura,12899.576,2024-07-01
Solar fotovoltaica,Extremadura,1425964.415,2024-07-01
Solar térmica,Extremadura,252558.719,2024-07-01
Otras renovables,Extremadura,15264.785,2024-07-01
Cogeneración,Extremadura,2131.832,2024-07-01
Generación total,Extremadura,3531054.731,2024-07-01
Hidráulica,Extremadura,226985.782,2024-08-01
Nuclear,Extremadura,1457462.375,2024-08-01
Eólica,Extremadura,13626.679,2024-08-01
Solar fotovoltaica,Extremadura,1300232.407,2024-08-01
Solar térmica,Extremadura,278956.141,2024-08-01
Otras renovables,Extremadura,19814.634,2024-08-01
Cogeneración,Extremadura,1751.836,2024-08-01
Generación total,Extremadura,3298829.854,2024-08-01
Hidráulica,Extremadura,119458.34,2024-09-01
Nuclear,Extremadura,1419651.012,2024-09-01
Eólica,Extremadura,14964.013,2024-09-01
Solar fotovoltaica,Extremadura,1007043.399,2024-09-01
Solar térmica,Extremadura,192989.89,2024-09-01
Otras renovables,Extremadura,20830.182,2024-09-01
Cogeneración,Extremadura,3024.475,2024-09-01
Generación total,Extremadura,2777961.3110000007,2024-09-01
Hidráulica,Extremadura,206949.758,2024-10-01
Nuclear,Extremadura,885066.335,2024-10-01
Eólica,Extremadura,25235.578,2024-10-01
Solar fotovoltaica,Extremadura,639979.864,2024-10-01
Solar térmica,Extremadura,49806.592,2024-10-01
Otras renovables,Extremadura,14940.589,2024-10-01
Cogeneración,Extremadura,3176.07,2024-10-01
Generación total,Extremadura,1825154.786,2024-10-01
Hidráulica,Extremadura,109828.911,2024-11-01
Nuclear,Extremadura,1233096.458,2024-11-01
Eólica,Extremadura,29971.864,2024-11-01
Solar fotovoltaica,Extremadura,571385.184,2024-11-01
Solar térmica,Extremadura,33265.285,2024-11-01
Otras renovables,Extremadura,8634.678,2024-11-01
Cogeneración,Extremadura,4066.989,2024-11-01
Generación total,Extremadura,1990249.3690000004,2024-11-01
Hidráulica,Extremadura,142324.591,2024-12-01
Nuclear,Extremadura,1498508.431,2024-12-01
Eólica,Extremadura,21750.914,2024-12-01
Solar fotovoltaica,Extremadura,643002.002,2024-12-01
Solar térmica,Extremadura,38941.213,2024-12-01
Otras renovables,Extremadura,17229.09,2024-12-01
Cogeneración,Extremadura,4113.319,2024-12-01
Generación total,Extremadura,2365869.56,2024-12-01
