variable,comunidad,valor,fecha
Carbón,Islas Baleares,NA,2023-01-01
Motores diésel,Islas Baleares,5815.134,2023-01-01
Turbina de gas,Islas Baleares,49679.904,2023-01-01
Ciclo combinado,Islas Baleares,237966.225,2023-01-01
Eólica,Islas Baleares,215.73,2023-01-01
Solar fotovoltaica,Islas Baleares,18553.86,2023-01-01
Otras renovables,Islas Baleares,110.742,2023-01-01
Cogeneración,Islas Baleares,3048.152,2023-01-01
Residuos no renovables,Islas Baleares,7361.8245,2023-01-01
Residuos renovables,Islas Baleares,7361.8245,2023-01-01
Generación total,Islas Baleares,330113.396,2023-01-01
Carbón,Islas Baleares,NA,2023-02-01
Motores diésel,Islas Baleares,15551.557,2023-02-01
Turbina de gas,Islas Baleares,32596.764,2023-02-01
Ciclo combinado,Islas Baleares,251258.503,2023-02-01
Eólica,Islas Baleares,183.24,2023-02-01
Solar fotovoltaica,Islas Baleares,22502.877,2023-02-01
Otras renovables,Islas Baleares,159.663,2023-02-01
Cogeneración,Islas Baleares,3044.677,2023-02-01
Residuos no renovables,Islas Baleares,9829.886,2023-02-01
Residuos renovables,Islas Baleares,9829.886,2023-02-01
Generación total,Islas Baleares,344957.053,2023-02-01
Carbón,Islas Baleares,NA,2023-03-01
Motores diésel,Islas Baleares,6985.399,2023-03-01
Turbina de gas,Islas Baleares,34818.868,2023-03-01
Ciclo combinado,Islas Baleares,234323.1,2023-03-01
Eólica,Islas Baleares,200.35,2023-03-01
Solar fotovoltaica,Islas Baleares,35804.476,2023-03-01
Otras renovables,Islas Baleares,171.352,2023-03-01
Cogeneración,Islas Baleares,3577.315,2023-03-01
Residuos no renovables,Islas Baleares,9637.882,2023-03-01
Residuos renovables,Islas Baleares,9637.882,2023-03-01
Generación total,Islas Baleares,335156.624,2023-03-01
Carbón,Islas Baleares,NA,2023-04-01
Motores diésel,Islas Baleares,7888.306,2023-04-01
Turbina de gas,Islas Baleares,29715.138,2023-04-01
Ciclo combinado,Islas Baleares,208569.336,2023-04-01
Eólica,Islas Baleares,127.345,2023-04-01
Solar fotovoltaica,Islas Baleares,38886.971,2023-04-01
Otras renovables,Islas Baleares,97.648,2023-04-01
Cogeneración,Islas Baleares,3617.922,2023-04-01
Residuos no renovables,Islas Baleares,10657.33,2023-04-01
Residuos renovables,Islas Baleares,10657.33,2023-04-01
Generación total,Islas Baleares,310217.32600000006,2023-04-01
Carbón,Islas Baleares,NA,2023-05-01
Motores diésel,Islas Baleares,13563.843,2023-05-01
Turbina de gas,Islas Baleares,35500.541,2023-05-01
Ciclo combinado,Islas Baleares,233753.555,2023-05-01
Eólica,Islas Baleares,249.651,2023-05-01
Solar fotovoltaica,Islas Baleares,34452.334,2023-05-01
Otras renovables,Islas Baleares,144.405,2023-05-01
Cogeneración,Islas Baleares,3517.302,2023-05-01
Residuos no renovables,Islas Baleares,12228.6005,2023-05-01
Residuos renovables,Islas Baleares,12228.6005,2023-05-01
Generación total,Islas Baleares,345638.83200000005,2023-05-01
Carbón,Islas Baleares,4713.774,2023-06-01
Motores diésel,Islas Baleares,21453.579,2023-06-01
Turbina de gas,Islas Baleares,56759.571,2023-06-01
Ciclo combinado,Islas Baleares,271561.298,2023-06-01
Eólica,Islas Baleares,56.18,2023-06-01
Solar fotovoltaica,Islas Baleares,37278.679,2023-06-01
Otras renovables,Islas Baleares,140.066,2023-06-01
Cogeneración,Islas Baleares,3783.118,2023-06-01
Residuos no renovables,Islas Baleares,15597.6535,2023-06-01
Residuos renovables,Islas Baleares,15597.6535,2023-06-01
Generación total,Islas Baleares,426941.572,2023-06-01
Carbón,Islas Baleares,60389.09,2023-07-01
Motores diésel,Islas Baleares,57953.706,2023-07-01
Turbina de gas,Islas Baleares,67410.049,2023-07-01
Ciclo combinado,Islas Baleares,317283.604,2023-07-01
Eólica,Islas Baleares,118.565,2023-07-01
Solar fotovoltaica,Islas Baleares,41528.992,2023-07-01
Otras renovables,Islas Baleares,102.288,2023-07-01
Cogeneración,Islas Baleares,3244.603,2023-07-01
Residuos no renovables,Islas Baleares,12541.196,2023-07-01
Residuos renovables,Islas Baleares,12541.196,2023-07-01
Generación total,Islas Baleares,573113.289,2023-07-01
Carbón,Islas Baleares,10832.294,2023-08-01
Motores diésel,Islas Baleares,65362.288,2023-08-01
Turbina de gas,Islas Baleares,53751.636,2023-08-01
Ciclo combinado,Islas Baleares,325128.039,2023-08-01
Eólica,Islas Baleares,97.921,2023-08-01
Solar fotovoltaica,Islas Baleares,44645.789,2023-08-01
Otras renovables,Islas Baleares,92.055,2023-08-01
Cogeneración,Islas Baleares,3740.057,2023-08-01
Residuos no renovables,Islas Baleares,14683.114,2023-08-01
Residuos renovables,Islas Baleares,14683.114,2023-08-01
Generación total,Islas Baleares,533016.3069999999,2023-08-01
Carbón,Islas Baleares,NA,2023-09-01
Motores diésel,Islas Baleares,33453.964,2023-09-01
Turbina de gas,Islas Baleares,49596.323,2023-09-01
Ciclo combinado,Islas Baleares,297309.446,2023-09-01
Eólica,Islas Baleares,NA,2023-09-01
Solar fotovoltaica,Islas Baleares,34955.541,2023-09-01
Otras renovables,Islas Baleares,141.281,2023-09-01
Cogeneración,Islas Baleares,3104.663,2023-09-01
Residuos no renovables,Islas Baleares,9934.0825,2023-09-01
Residuos renovables,Islas Baleares,9934.0825,2023-09-01
Generación total,Islas Baleares,438429.383,2023-09-01
Carbón,Islas Baleares,NA,2023-10-01
Motores diésel,Islas Baleares,17676.518,2023-10-01
Turbina de gas,Islas Baleares,44608.846,2023-10-01
Ciclo combinado,Islas Baleares,248195.743,2023-10-01
Eólica,Islas Baleares,10.36,2023-10-01
Solar fotovoltaica,Islas Baleares,33232.006,2023-10-01
Otras renovables,Islas Baleares,148.015,2023-10-01
Cogeneración,Islas Baleares,1729.496,2023-10-01
Residuos no renovables,Islas Baleares,10861.402,2023-10-01
Residuos renovables,Islas Baleares,10861.402,2023-10-01
Generación total,Islas Baleares,367323.788,2023-10-01
Carbón,Islas Baleares,NA,2023-11-01
Motores diésel,Islas Baleares,6837.471,2023-11-01
Turbina de gas,Islas Baleares,24499.784,2023-11-01
Ciclo combinado,Islas Baleares,226208.388,2023-11-01
Eólica,Islas Baleares,8.728,2023-11-01
Solar fotovoltaica,Islas Baleares,25426.848,2023-11-01
Otras renovables,Islas Baleares,143.54,2023-11-01
Cogeneración,Islas Baleares,2834.95,2023-11-01
Residuos no renovables,Islas Baleares,10810.194,2023-11-01
Residuos renovables,Islas Baleares,10810.194,2023-11-01
Generación total,Islas Baleares,307580.09700000007,2023-11-01
Carbón,Islas Baleares,NA,2023-12-01
Motores diésel,Islas Baleares,7183.187,2023-12-01
Turbina de gas,Islas Baleares,22922.036,2023-12-01
Ciclo combinado,Islas Baleares,235464.131,2023-12-01
Eólica,Islas Baleares,NA,2023-12-01
Solar fotovoltaica,Islas Baleares,23135.961,2023-12-01
Otras renovables,Islas Baleares,126.257,2023-12-01
Cogeneración,Islas Baleares,3210.191,2023-12-01
Residuos no renovables,Islas Baleares,8991.8355,2023-12-01
Residuos renovables,Islas Baleares,8991.8355,2023-12-01
Generación total,Islas Baleares,310025.43399999995,2023-12-01
Carbón,Islas Baleares,NA,2024-01-01
Motores diésel,Islas Baleares,6197.941,2024-01-01
Turbina de gas,Islas Baleares,25499.687,2024-01-01
Ciclo combinado,Islas Baleares,245660.033,2024-01-01
Eólica,Islas Baleares,NA,2024-01-01
Solar fotovoltaica,Islas Baleares,24202.342,2024-01-01
Otras renovables,Islas Baleares,104.23,2024-01-01
Cogeneración,Islas Baleares,3937.018,2024-01-01
Residuos no renovables,Islas Baleares,10485.035,2024-01-01
Residuos renovables,Islas Baleares,10485.035,2024-01-01
Generación total,Islas Baleares,326571.32099999994,2024-01-01
Carbón,Islas Baleares,NA,2024-02-01
Motores diésel,Islas Baleares,5700.401,2024-02-01
Turbina de gas,Islas Baleares,24103.73,2024-02-01
Ciclo combinado,Islas Baleares,219767.082,2024-02-01
Eólica,Islas Baleares,NA,2024-02-01
Solar fotovoltaica,Islas Baleares,30779.944,2024-02-01
Otras renovables,Islas Baleares,39.53,2024-02-01
Cogeneración,Islas Baleares,3739.749,2024-02-01
Residuos no renovables,Islas Baleares,5608.547,2024-02-01
Residuos renovables,Islas Baleares,5608.547,2024-02-01
Generación total,Islas Baleares,295347.5300000001,2024-02-01
Carbón,Islas Baleares,NA,2024-03-01
Motores diésel,Islas Baleares,6287.466,2024-03-01
Turbina de gas,Islas Baleares,25225.478,2024-03-01
Ciclo combinado,Islas Baleares,214683.962,2024-03-01
Eólica,Islas Baleares,NA,2024-03-01
Solar fotovoltaica,Islas Baleares,45313.498,2024-03-01
Otras renovables,Islas Baleares,40.002,2024-03-01
Cogeneración,Islas Baleares,3485.118,2024-03-01
Residuos no renovables,Islas Baleares,12829.401,2024-03-01
Residuos renovables,Islas Baleares,12829.401,2024-03-01
Generación total,Islas Baleares,320694.326,2024-03-01
Carbón,Islas Baleares,NA,2024-04-01
Motores diésel,Islas Baleares,18937.709,2024-04-01
Turbina de gas,Islas Baleares,29829.684,2024-04-01
Ciclo combinado,Islas Baleares,206604.698,2024-04-01
Eólica,Islas Baleares,NA,2024-04-01
Solar fotovoltaica,Islas Baleares,44635.174,2024-04-01
Otras renovables,Islas Baleares,15.544,2024-04-01
Cogeneración,Islas Baleares,1909.541,2024-04-01
Residuos no renovables,Islas Baleares,11323.399,2024-04-01
Residuos renovables,Islas Baleares,11323.399,2024-04-01
Generación total,Islas Baleares,324579.148,2024-04-01
Carbón,Islas Baleares,25151.704,2024-05-01
Motores diésel,Islas Baleares,12634.096,2024-05-01
Turbina de gas,Islas Baleares,29728.614,2024-05-01
Ciclo combinado,Islas Baleares,207906.06,2024-05-01
Eólica,Islas Baleares,NA,2024-05-01
Solar fotovoltaica,Islas Baleares,58312.555,2024-05-01
Otras renovables,Islas Baleares,41.385,2024-05-01
Cogeneración,Islas Baleares,3539.762,2024-05-01
Residuos no renovables,Islas Baleares,12275.0895,2024-05-01
Residuos renovables,Islas Baleares,12275.0895,2024-05-01
Generación total,Islas Baleares,361864.355,2024-05-01
Carbón,Islas Baleares,29836.832,2024-06-01
Motores diésel,Islas Baleares,18518.857,2024-06-01
Turbina de gas,Islas Baleares,43667.93,2024-06-01
Ciclo combinado,Islas Baleares,213691.132,2024-06-01
Eólica,Islas Baleares,NA,2024-06-01
Solar fotovoltaica,Islas Baleares,53285.447,2024-06-01
Otras renovables,Islas Baleares,78.099,2024-06-01
Cogeneración,Islas Baleares,3460.956,2024-06-01
Residuos no renovables,Islas Baleares,16584.2695,2024-06-01
Residuos renovables,Islas Baleares,16584.2695,2024-06-01
Generación total,Islas Baleares,395707.792,2024-06-01
Carbón,Islas Baleares,3062.204,2024-07-01
Motores diésel,Islas Baleares,51657.288,2024-07-01
Turbina de gas,Islas Baleares,52690.388,2024-07-01
Ciclo combinado,Islas Baleares,274345.568,2024-07-01
Eólica,Islas Baleares,NA,2024-07-01
Solar fotovoltaica,Islas Baleares,60157.333,2024-07-01
Otras renovables,Islas Baleares,184.025,2024-07-01
Cogeneración,Islas Baleares,3277.467,2024-07-01
Residuos no renovables,Islas Baleares,15726.691,2024-07-01
Residuos renovables,Islas Baleares,15726.691,2024-07-01
Generación total,Islas Baleares,476827.655,2024-07-01
Carbón,Islas Baleares,NA,2024-08-01
Motores diésel,Islas Baleares,63154.792,2024-08-01
Turbina de gas,Islas Baleares,57984.402,2024-08-01
Ciclo combinado,Islas Baleares,334325.767,2024-08-01
Eólica,Islas Baleares,NA,2024-08-01
Solar fotovoltaica,Islas Baleares,55454.05,2024-08-01
Otras renovables,Islas Baleares,289.926,2024-08-01
Cogeneración,Islas Baleares,3124.351,2024-08-01
Residuos no renovables,Islas Baleares,15578.734,2024-08-01
Residuos renovables,Islas Baleares,15578.734,2024-08-01
Generación total,Islas Baleares,545490.756,2024-08-01
Carbón,Islas Baleares,NA,2024-09-01
Motores diésel,Islas Baleares,37101.397,2024-09-01
Turbina de gas,Islas Baleares,36627.74,2024-09-01
Ciclo combinado,Islas Baleares,246117.449,2024-09-01
Eólica,Islas Baleares,NA,2024-09-01
Solar fotovoltaica,Islas Baleares,43990.356,2024-09-01
Otras renovables,Islas Baleares,364.813,2024-09-01
Cogeneración,Islas Baleares,2778.902,2024-09-01
Residuos no renovables,Islas Baleares,14196.1285,2024-09-01
Residuos renovables,Islas Baleares,14196.1285,2024-09-01
Generación total,Islas Baleares,395372.9140000001,2024-09-01
Carbón,Islas Baleares,NA,2024-10-01
Motores diésel,Islas Baleares,25321.735,2024-10-01
Turbina de gas,Islas Baleares,40918.34,2024-10-01
Ciclo combinado,Islas Baleares,233646.733,2024-10-01
Eólica,Islas Baleares,NA,2024-10-01
Solar fotovoltaica,Islas Baleares,38808.408,2024-10-01
Otras renovables,Islas Baleares,349.95,2024-10-01
Cogeneración,Islas Baleares,2285.203,2024-10-01
Residuos no renovables,Islas Baleares,9242.722,2024-10-01
Residuos renovables,Islas Baleares,9242.722,2024-10-01
Generación total,Islas Baleares,359815.813,2024-10-01
Carbón,Islas Baleares,NA,2024-11-01
Motores diésel,Islas Baleares,8042.043,2024-11-01
Turbina de gas,Islas Baleares,22217.788,2024-11-01
Ciclo combinado,Islas Baleares,228355.134,2024-11-01
Eólica,Islas Baleares,NA,2024-11-01
Solar fotovoltaica,Islas Baleares,26927.26,2024-11-01
Otras renovables,Islas Baleares,270.398,2024-11-01
Cogeneración,Islas Baleares,1879.075,2024-11-01
Residuos no renovables,Islas Baleares,9512.2355,2024-11-01
Residuos renovables,Islas Baleares,9512.2355,2024-11-01
Generación total,Islas Baleares,306716.169,2024-11-01
Carbón,Islas Baleares,NA,2024-12-01
Motores diésel,Islas Baleares,8270.191,2024-12-01
Turbina de gas,Islas Baleares,25456.891,2024-12-01
Ciclo combinado,Islas Baleares,287612.24,2024-12-01
Eólica,Islas Baleares,NA,2024-12-01
Solar fotovoltaica,Islas Baleares,24944.642,2024-12-01
Otras renovables,Islas Baleares,230.001,2024-12-01
Cogeneración,Islas Baleares,3266.863,2024-12-01
Residuos no renovables,Islas Baleares,12261.645,2024-12-01
Residuos renovables,Islas Baleares,12261.645,2024-12-01
Generación total,Islas Baleares,374304.118,2024-12-01
