variable,comunidad,valor,fecha
Hidráulica,Castillalamancha,57511.71,2023-01-01
Nuclear,Castillalamancha,684807.59,2023-01-01
Ciclo combinado,Castillalamancha,137545.98,2023-01-01
Eólica,Castillalamancha,994438.892,2023-01-01
Solar fotovoltaica,Castillalamancha,352727.656,2023-01-01
Solar térmica,Castillalamancha,11846.221,2023-01-01
Otras renovables,Castillalamancha,26425.702,2023-01-01
Cogeneración,Castillalamancha,47410.656,2023-01-01
Generación total,Castillalamancha,2312714.407,2023-01-01
Hidráulica,Castillalamancha,58387.792,2023-02-01
Nuclear,Castillalamancha,662165.552,2023-02-01
Ciclo combinado,Castillalamancha,186495.29,2023-02-01
Eólica,Castillalamancha,779668.229,2023-02-01
Solar fotovoltaica,Castillalamancha,423031.918,2023-02-01
Solar térmica,Castillalamancha,26383.245,2023-02-01
Otras renovables,Castillalamancha,31605.456,2023-02-01
Cogeneración,Castillalamancha,67047.267,2023-02-01
Generación total,Castillalamancha,2234784.749,2023-02-01
Hidráulica,Castillalamancha,63426.027,2023-03-01
Nuclear,Castillalamancha,721363.031,2023-03-01
Ciclo combinado,Castillalamancha,153110.379,2023-03-01
Eólica,Castillalamancha,953365.873,2023-03-01
Solar fotovoltaica,Castillalamancha,610852.228,2023-03-01
Solar térmica,Castillalamancha,59263.659,2023-03-01
Otras renovables,Castillalamancha,22343.091,2023-03-01
Cogeneración,Castillalamancha,60751.689,2023-03-01
Generación total,Castillalamancha,2644475.977,2023-03-01
Hidráulica,Castillalamancha,53549.533,2023-04-01
Nuclear,Castillalamancha,689396.797,2023-04-01
Ciclo combinado,Castillalamancha,75620.561,2023-04-01
Eólica,Castillalamancha,671865.716,2023-04-01
Solar fotovoltaica,Castillalamancha,770414.16,2023-04-01
Solar térmica,Castillalamancha,75732.663,2023-04-01
Otras renovables,Castillalamancha,27385.304,2023-04-01
Cogeneración,Castillalamancha,52899.165,2023-04-01
Generación total,Castillalamancha,2416863.899,2023-04-01
Hidráulica,Castillalamancha,54646.145,2023-05-01
Nuclear,Castillalamancha,537581.437,2023-05-01
Ciclo combinado,Castillalamancha,17052.68,2023-05-01
Eólica,Castillalamancha,538347.514,2023-05-01
Solar fotovoltaica,Castillalamancha,837882.806,2023-05-01
Solar térmica,Castillalamancha,59687.752,2023-05-01
Otras renovables,Castillalamancha,35293.715,2023-05-01
Cogeneración,Castillalamancha,59627.504,2023-05-01
Generación total,Castillalamancha,2140119.5530000003,2023-05-01
Hidráulica,Castillalamancha,51791.349,2023-06-01
Nuclear,Castillalamancha,164689.162,2023-06-01
Ciclo combinado,Castillalamancha,NA,2023-06-01
Eólica,Castillalamancha,391716.439,2023-06-01
Solar fotovoltaica,Castillalamancha,895975.877,2023-06-01
Solar térmica,Castillalamancha,64381.064,2023-06-01
Otras renovables,Castillalamancha,32000.453,2023-06-01
Cogeneración,Castillalamancha,54984.814,2023-06-01
Generación total,Castillalamancha,1655539.158,2023-06-01
Hidráulica,Castillalamancha,40455.248,2023-07-01
Nuclear,Castillalamancha,724499.935,2023-07-01
Ciclo combinado,Castillalamancha,40412.26,2023-07-01
Eólica,Castillalamancha,594527.822,2023-07-01
Solar fotovoltaica,Castillalamancha,1142410.731,2023-07-01
Solar térmica,Castillalamancha,97877.96,2023-07-01
Otras renovables,Castillalamancha,27711.177,2023-07-01
Cogeneración,Castillalamancha,39452.504,2023-07-01
Generación total,Castillalamancha,2707347.6370000006,2023-07-01
Hidráulica,Castillalamancha,40419.34,2023-08-01
Nuclear,Castillalamancha,725937.051,2023-08-01
Ciclo combinado,Castillalamancha,53512.33,2023-08-01
Eólica,Castillalamancha,560915.629,2023-08-01
Solar fotovoltaica,Castillalamancha,1113144.443,2023-08-01
Solar térmica,Castillalamancha,100752.803,2023-08-01
Otras renovables,Castillalamancha,33703.016,2023-08-01
Cogeneración,Castillalamancha,41298.556,2023-08-01
Generación total,Castillalamancha,2669683.167999999,2023-08-01
Hidráulica,Castillalamancha,52584.372,2023-09-01
Nuclear,Castillalamancha,705202.382,2023-09-01
Ciclo combinado,Castillalamancha,112397.28,2023-09-01
Eólica,Castillalamancha,578699.434,2023-09-01
Solar fotovoltaica,Castillalamancha,815081.479,2023-09-01
Solar térmica,Castillalamancha,50287.663,2023-09-01
Otras renovables,Castillalamancha,23040.787,2023-09-01
Cogeneración,Castillalamancha,55445.404,2023-09-01
Generación total,Castillalamancha,2392738.801,2023-09-01
Hidráulica,Castillalamancha,40635.568,2023-10-01
Nuclear,Castillalamancha,731198.071,2023-10-01
Ciclo combinado,Castillalamancha,108370.19,2023-10-01
Eólica,Castillalamancha,936905.704,2023-10-01
Solar fotovoltaica,Castillalamancha,655592.996,2023-10-01
Solar térmica,Castillalamancha,27120.562,2023-10-01
Otras renovables,Castillalamancha,9489.44,2023-10-01
Cogeneración,Castillalamancha,42663.462,2023-10-01
Generación total,Castillalamancha,2551975.993,2023-10-01
Hidráulica,Castillalamancha,44729.638,2023-11-01
Nuclear,Castillalamancha,660332.95,2023-11-01
Ciclo combinado,Castillalamancha,165845.76,2023-11-01
Eólica,Castillalamancha,1147661.751,2023-11-01
Solar fotovoltaica,Castillalamancha,468401.253,2023-11-01
Solar térmica,Castillalamancha,3171.874,2023-11-01
Otras renovables,Castillalamancha,5169.708,2023-11-01
Cogeneración,Castillalamancha,31534.529,2023-11-01
Generación total,Castillalamancha,2526847.463,2023-11-01
Hidráulica,Castillalamancha,60776.352,2023-12-01
Nuclear,Castillalamancha,734269.175,2023-12-01
Ciclo combinado,Castillalamancha,142916.449,2023-12-01
Eólica,Castillalamancha,911901.701,2023-12-01
Solar fotovoltaica,Castillalamancha,453767.665,2023-12-01
Solar térmica,Castillalamancha,6217.799,2023-12-01
Otras renovables,Castillalamancha,7652.637,2023-12-01
Cogeneración,Castillalamancha,42106.828,2023-12-01
Generación total,Castillalamancha,2359608.6060000006,2023-12-01
Hidráulica,Castillalamancha,67854.941,2024-01-01
Nuclear,Castillalamancha,733454.595,2024-01-01
Ciclo combinado,Castillalamancha,139673.72,2024-01-01
Eólica,Castillalamancha,934657.379,2024-01-01
Solar fotovoltaica,Castillalamancha,446892.676,2024-01-01
Solar térmica,Castillalamancha,6934.932,2024-01-01
Otras renovables,Castillalamancha,9389.505,2024-01-01
Cogeneración,Castillalamancha,74722.68,2024-01-01
Generación total,Castillalamancha,2413580.428,2024-01-01
Hidráulica,Castillalamancha,66264.144,2024-02-01
Nuclear,Castillalamancha,610840.15,2024-02-01
Ciclo combinado,Castillalamancha,86061.33,2024-02-01
Eólica,Castillalamancha,1177861.186,2024-02-01
Solar fotovoltaica,Castillalamancha,605983.595,2024-02-01
Solar térmica,Castillalamancha,21973.706,2024-02-01
Otras renovables,Castillalamancha,14947.103,2024-02-01
Cogeneración,Castillalamancha,64027.156,2024-02-01
Generación total,Castillalamancha,2647958.37,2024-02-01
Hidráulica,Castillalamancha,105276.692,2024-03-01
Nuclear,Castillalamancha,438084.05,2024-03-01
Ciclo combinado,Castillalamancha,109842.89,2024-03-01
Eólica,Castillalamancha,1069597.718,2024-03-01
Solar fotovoltaica,Castillalamancha,730313.895,2024-03-01
Solar térmica,Castillalamancha,23542.38,2024-03-01
Otras renovables,Castillalamancha,29964.465,2024-03-01
Cogeneración,Castillalamancha,44149.228,2024-03-01
Generación total,Castillalamancha,2550771.318,2024-03-01
Hidráulica,Castillalamancha,119290.314,2024-04-01
Nuclear,Castillalamancha,424919.07,2024-04-01
Ciclo combinado,Castillalamancha,91945.351,2024-04-01
Eólica,Castillalamancha,519401.762,2024-04-01
Solar fotovoltaica,Castillalamancha,1020913.223,2024-04-01
Solar térmica,Castillalamancha,67251.133,2024-04-01
Otras renovables,Castillalamancha,27261.159,2024-04-01
Cogeneración,Castillalamancha,35480.361,2024-04-01
Generación total,Castillalamancha,2306462.373,2024-04-01
Hidráulica,Castillalamancha,88173.598,2024-05-01
Nuclear,Castillalamancha,143585.025,2024-05-01
Ciclo combinado,Castillalamancha,111092.439,2024-05-01
Eólica,Castillalamancha,620963.518,2024-05-01
Solar fotovoltaica,Castillalamancha,1275356.31,2024-05-01
Solar térmica,Castillalamancha,75359.692,2024-05-01
Otras renovables,Castillalamancha,34274.827,2024-05-01
Cogeneración,Castillalamancha,46714.777,2024-05-01
Generación total,Castillalamancha,2395520.186,2024-05-01
Hidráulica,Castillalamancha,76190.13,2024-06-01
Nuclear,Castillalamancha,439273.058,2024-06-01
Ciclo combinado,Castillalamancha,105786.118,2024-06-01
Eólica,Castillalamancha,579783.649,2024-06-01
Solar fotovoltaica,Castillalamancha,1160149.185,2024-06-01
Solar térmica,Castillalamancha,69898.189,2024-06-01
Otras renovables,Castillalamancha,31734.189,2024-06-01
Cogeneración,Castillalamancha,50143.693,2024-06-01
Generación total,Castillalamancha,2512958.211,2024-06-01
Hidráulica,Castillalamancha,64765.808,2024-07-01
Nuclear,Castillalamancha,727405.288,2024-07-01
Ciclo combinado,Castillalamancha,126973.977,2024-07-01
Eólica,Castillalamancha,584459.778,2024-07-01
Solar fotovoltaica,Castillalamancha,1397156.519,2024-07-01
Solar térmica,Castillalamancha,75769.429,2024-07-01
Otras renovables,Castillalamancha,33068.504,2024-07-01
Cogeneración,Castillalamancha,44994.289,2024-07-01
Generación total,Castillalamancha,3054593.592,2024-07-01
Hidráulica,Castillalamancha,42894.322,2024-08-01
Nuclear,Castillalamancha,727278.2,2024-08-01
Ciclo combinado,Castillalamancha,129292.011,2024-08-01
Eólica,Castillalamancha,557676.895,2024-08-01
Solar fotovoltaica,Castillalamancha,1311974.651,2024-08-01
Solar térmica,Castillalamancha,78732.161,2024-08-01
Otras renovables,Castillalamancha,26710.343,2024-08-01
Cogeneración,Castillalamancha,49984.133,2024-08-01
Generación total,Castillalamancha,2924542.7159999995,2024-08-01
Hidráulica,Castillalamancha,44246.274,2024-09-01
Nuclear,Castillalamancha,708815.202,2024-09-01
Ciclo combinado,Castillalamancha,92851.221,2024-09-01
Eólica,Castillalamancha,564729.842,2024-09-01
Solar fotovoltaica,Castillalamancha,1058540.053,2024-09-01
Solar térmica,Castillalamancha,66195.541,2024-09-01
Otras renovables,Castillalamancha,27681.853,2024-09-01
Cogeneración,Castillalamancha,48261.628,2024-09-01
Generación total,Castillalamancha,2611321.6140000005,2024-09-01
Hidráulica,Castillalamancha,40553.041,2024-10-01
Nuclear,Castillalamancha,734044.251,2024-10-01
Ciclo combinado,Castillalamancha,116090.242,2024-10-01
Eólica,Castillalamancha,987854.017,2024-10-01
Solar fotovoltaica,Castillalamancha,690766.301,2024-10-01
Solar térmica,Castillalamancha,20456.066,2024-10-01
Otras renovables,Castillalamancha,31505.541,2024-10-01
Cogeneración,Castillalamancha,50687.115,2024-10-01
Generación total,Castillalamancha,2671956.5740000005,2024-10-01
Hidráulica,Castillalamancha,58951.778,2024-11-01
Nuclear,Castillalamancha,711344.353,2024-11-01
Ciclo combinado,Castillalamancha,183772.079,2024-11-01
Eólica,Castillalamancha,612195.448,2024-11-01
Solar fotovoltaica,Castillalamancha,523782.74,2024-11-01
Solar térmica,Castillalamancha,16692.825,2024-11-01
Otras renovables,Castillalamancha,34408.944,2024-11-01
Cogeneración,Castillalamancha,56811.173,2024-11-01
Generación total,Castillalamancha,2197959.3400000003,2024-11-01
Hidráulica,Castillalamancha,44748.368,2024-12-01
Nuclear,Castillalamancha,737111.87,2024-12-01
Ciclo combinado,Castillalamancha,205057.13,2024-12-01
Eólica,Castillalamancha,765813.972,2024-12-01
Solar fotovoltaica,Castillalamancha,599907.99,2024-12-01
Solar térmica,Castillalamancha,11906.018,2024-12-01
Otras renovables,Castillalamancha,35906,2024-12-01
Cogeneración,Castillalamancha,55558.308,2024-12-01
Generación total,Castillalamancha,2456009.6560000004,2024-12-01
