variable,comunidad,valor,fecha
Hidráulica,Asturias,339398.022,2023-01-01
Carbón,Asturias,240878.045,2023-01-01
Ciclo combinado,Asturias,145924.235,2023-01-01
Eólica,Asturias,183131.09,2023-01-01
Solar fotovoltaica,Asturias,25.566,2023-01-01
Otras renovables,Asturias,19027.666,2023-01-01
Cogeneración,Asturias,11748.319,2023-01-01
Residuos no renovables,Asturias,5897.717,2023-01-01
Generación total,Asturias,946030.66,2023-01-01
Hidráulica,Asturias,193510.875,2023-02-01
Carbón,Asturias,278501.776,2023-02-01
Ciclo combinado,Asturias,324781.043,2023-02-01
Eólica,Asturias,89787.872,2023-02-01
Solar fotovoltaica,Asturias,36.229,2023-02-01
Otras renovables,Asturias,17707.555,2023-02-01
Cogeneración,Asturias,26380.05,2023-02-01
Residuos no renovables,Asturias,10672.339,2023-02-01
Generación total,Asturias,941377.7390000002,2023-02-01
Hidráulica,Asturias,174584.088,2023-03-01
Carbón,Asturias,257560.182,2023-03-01
Ciclo combinado,Asturias,187146.853,2023-03-01
Eólica,Asturias,193930.269,2023-03-01
Solar fotovoltaica,Asturias,56.438,2023-03-01
Otras renovables,Asturias,21313.42,2023-03-01
Cogeneración,Asturias,22493.066,2023-03-01
Residuos no renovables,Asturias,6764.199,2023-03-01
Generación total,Asturias,863848.515,2023-03-01
Hidráulica,Asturias,91149.563,2023-04-01
Carbón,Asturias,208863.132,2023-04-01
Ciclo combinado,Asturias,160116.468,2023-04-01
Eólica,Asturias,104657.733,2023-04-01
Solar fotovoltaica,Asturias,82.696,2023-04-01
Otras renovables,Asturias,22760.231,2023-04-01
Cogeneración,Asturias,17234.079,2023-04-01
Residuos no renovables,Asturias,4643.048,2023-04-01
Generación total,Asturias,609506.95,2023-04-01
Hidráulica,Asturias,80680.594,2023-05-01
Carbón,Asturias,236241.058,2023-05-01
Ciclo combinado,Asturias,178341.612,2023-05-01
Eólica,Asturias,98714.837,2023-05-01
Solar fotovoltaica,Asturias,77.887,2023-05-01
Otras renovables,Asturias,20860.029,2023-05-01
Cogeneración,Asturias,7298.894,2023-05-01
Residuos no renovables,Asturias,0.005,2023-05-01
Generación total,Asturias,622214.916,2023-05-01
Hidráulica,Asturias,82923.489,2023-06-01
Carbón,Asturias,287417.333,2023-06-01
Ciclo combinado,Asturias,263689.57,2023-06-01
Eólica,Asturias,30148.15,2023-06-01
Solar fotovoltaica,Asturias,69.727,2023-06-01
Otras renovables,Asturias,19536.141,2023-06-01
Cogeneración,Asturias,9477.741,2023-06-01
Residuos no renovables,Asturias,4689.77,2023-06-01
Generación total,Asturias,697951.921,2023-06-01
Hidráulica,Asturias,44749.791,2023-07-01
Carbón,Asturias,240692.387,2023-07-01
Ciclo combinado,Asturias,286593.539,2023-07-01
Eólica,Asturias,43557.134,2023-07-01
Solar fotovoltaica,Asturias,67.693,2023-07-01
Otras renovables,Asturias,14070.479,2023-07-01
Cogeneración,Asturias,3570.372,2023-07-01
Residuos no renovables,Asturias,7642.372,2023-07-01
Generación total,Asturias,640943.7669999999,2023-07-01
Hidráulica,Asturias,53574.172,2023-08-01
Carbón,Asturias,252788.955,2023-08-01
Ciclo combinado,Asturias,277676.25,2023-08-01
Eólica,Asturias,63706.012,2023-08-01
Solar fotovoltaica,Asturias,60.528,2023-08-01
Otras renovables,Asturias,20589.99,2023-08-01
Cogeneración,Asturias,3834.863,2023-08-01
Residuos no renovables,Asturias,6557.459,2023-08-01
Generación total,Asturias,678788.229,2023-08-01
Hidráulica,Asturias,62734.527,2023-09-01
Carbón,Asturias,246657.477,2023-09-01
Ciclo combinado,Asturias,286327.471,2023-09-01
Eólica,Asturias,77115.287,2023-09-01
Solar fotovoltaica,Asturias,57.635,2023-09-01
Otras renovables,Asturias,23812.644,2023-09-01
Cogeneración,Asturias,6690.408,2023-09-01
Residuos no renovables,Asturias,5553.802,2023-09-01
Generación total,Asturias,708949.2510000002,2023-09-01
Hidráulica,Asturias,100307.262,2023-10-01
Carbón,Asturias,292686.346,2023-10-01
Ciclo combinado,Asturias,200319.004,2023-10-01
Eólica,Asturias,174966.075,2023-10-01
Solar fotovoltaica,Asturias,39.241,2023-10-01
Otras renovables,Asturias,25262.251,2023-10-01
Cogeneración,Asturias,4130.555,2023-10-01
Residuos no renovables,Asturias,5099.871,2023-10-01
Generación total,Asturias,802810.6050000001,2023-10-01
Hidráulica,Asturias,265269.289,2023-11-01
Carbón,Asturias,228074.839,2023-11-01
Ciclo combinado,Asturias,89778.386,2023-11-01
Eólica,Asturias,195726.926,2023-11-01
Solar fotovoltaica,Asturias,22.471,2023-11-01
Otras renovables,Asturias,22535.067,2023-11-01
Cogeneración,Asturias,1509.106,2023-11-01
Residuos no renovables,Asturias,5842.368,2023-11-01
Generación total,Asturias,808758.452,2023-11-01
Hidráulica,Asturias,231769.41,2023-12-01
Carbón,Asturias,219974.371,2023-12-01
Ciclo combinado,Asturias,146994.462,2023-12-01
Eólica,Asturias,159326.089,2023-12-01
Solar fotovoltaica,Asturias,23.072,2023-12-01
Otras renovables,Asturias,22907.412,2023-12-01
Cogeneración,Asturias,1725.444,2023-12-01
Residuos no renovables,Asturias,6527.044,2023-12-01
Generación total,Asturias,789247.3040000001,2023-12-01
Hidráulica,Asturias,215340.676,2024-01-01
Carbón,Asturias,227065.205,2024-01-01
Ciclo combinado,Asturias,124071.808,2024-01-01
Eólica,Asturias,157322.187,2024-01-01
Solar fotovoltaica,Asturias,25.762,2024-01-01
Otras renovables,Asturias,20333.359,2024-01-01
Cogeneración,Asturias,7994.833,2024-01-01
Residuos no renovables,Asturias,5180.422,2024-01-01
Generación total,Asturias,757334.2520000001,2024-01-01
Hidráulica,Asturias,159394.546,2024-02-01
Carbón,Asturias,208655.085,2024-02-01
Ciclo combinado,Asturias,59352.078,2024-02-01
Eólica,Asturias,148367.778,2024-02-01
Solar fotovoltaica,Asturias,31.443,2024-02-01
Otras renovables,Asturias,16516.093,2024-02-01
Cogeneración,Asturias,4932.409,2024-02-01
Residuos no renovables,Asturias,4569.866,2024-02-01
Generación total,Asturias,601819.298,2024-02-01
Hidráulica,Asturias,335331.266,2024-03-01
Carbón,Asturias,213900.071,2024-03-01
Ciclo combinado,Asturias,55031.096,2024-03-01
Eólica,Asturias,114064.288,2024-03-01
Solar fotovoltaica,Asturias,52.931,2024-03-01
Otras renovables,Asturias,20620.744,2024-03-01
Cogeneración,Asturias,5048.294,2024-03-01
Residuos no renovables,Asturias,3291.302,2024-03-01
Generación total,Asturias,747339.9920000001,2024-03-01
Hidráulica,Asturias,154751.541,2024-04-01
Carbón,Asturias,219580.598,2024-04-01
Ciclo combinado,Asturias,33725.31,2024-04-01
Eólica,Asturias,97389.46,2024-04-01
Solar fotovoltaica,Asturias,65.741,2024-04-01
Otras renovables,Asturias,15291.302,2024-04-01
Cogeneración,Asturias,2028.135,2024-04-01
Residuos no renovables,Asturias,2134.673,2024-04-01
Generación total,Asturias,524966.76,2024-04-01
Hidráulica,Asturias,138950.19,2024-05-01
Carbón,Asturias,214352.324,2024-05-01
Ciclo combinado,Asturias,46319.808,2024-05-01
Eólica,Asturias,106670.855,2024-05-01
Solar fotovoltaica,Asturias,63.824,2024-05-01
Otras renovables,Asturias,10650.562,2024-05-01
Cogeneración,Asturias,3990.471,2024-05-01
Residuos no renovables,Asturias,5480.84,2024-05-01
Generación total,Asturias,526478.874,2024-05-01
Hidráulica,Asturias,103968.48,2024-06-01
Carbón,Asturias,190868.327,2024-06-01
Ciclo combinado,Asturias,94633.81,2024-06-01
Eólica,Asturias,83374.94,2024-06-01
Solar fotovoltaica,Asturias,55.784,2024-06-01
Otras renovables,Asturias,20163.061,2024-06-01
Cogeneración,Asturias,7598.572,2024-06-01
Residuos no renovables,Asturias,6136.357,2024-06-01
Generación total,Asturias,506799.331,2024-06-01
Hidráulica,Asturias,72496.34,2024-07-01
Carbón,Asturias,210529.611,2024-07-01
Ciclo combinado,Asturias,127679.601,2024-07-01
Eólica,Asturias,53461.575,2024-07-01
Solar fotovoltaica,Asturias,72.726,2024-07-01
Otras renovables,Asturias,24249.773,2024-07-01
Cogeneración,Asturias,8916.423,2024-07-01
Residuos no renovables,Asturias,21789.383,2024-07-01
Generación total,Asturias,519195.432,2024-07-01
Hidráulica,Asturias,68143.377,2024-08-01
Carbón,Asturias,224373.748,2024-08-01
Ciclo combinado,Asturias,152680.099,2024-08-01
Eólica,Asturias,41112.159,2024-08-01
Solar fotovoltaica,Asturias,61.88,2024-08-01
Otras renovables,Asturias,23821.477,2024-08-01
Cogeneración,Asturias,6622.367,2024-08-01
Residuos no renovables,Asturias,38136.54,2024-08-01
Generación total,Asturias,554951.647,2024-08-01
Hidráulica,Asturias,76486.269,2024-09-01
Carbón,Asturias,300028.865,2024-09-01
Ciclo combinado,Asturias,90531.218,2024-09-01
Eólica,Asturias,111158.225,2024-09-01
Solar fotovoltaica,Asturias,59.3,2024-09-01
Otras renovables,Asturias,22811.033,2024-09-01
Cogeneración,Asturias,6879.424,2024-09-01
Residuos no renovables,Asturias,28402.818,2024-09-01
Generación total,Asturias,636357.152,2024-09-01
Hidráulica,Asturias,174186.494,2024-10-01
Carbón,Asturias,256517.869,2024-10-01
Ciclo combinado,Asturias,79594.871,2024-10-01
Eólica,Asturias,138456.224,2024-10-01
Solar fotovoltaica,Asturias,37.921,2024-10-01
Otras renovables,Asturias,24038.947,2024-10-01
Cogeneración,Asturias,4513.337,2024-10-01
Residuos no renovables,Asturias,33373.258,2024-10-01
Generación total,Asturias,710718.9210000001,2024-10-01
Hidráulica,Asturias,140328.646,2024-11-01
Carbón,Asturias,232183.375,2024-11-01
Ciclo combinado,Asturias,211747.204,2024-11-01
Eólica,Asturias,137171.179,2024-11-01
Solar fotovoltaica,Asturias,30.479,2024-11-01
Otras renovables,Asturias,20615.31,2024-11-01
Cogeneración,Asturias,7850.702,2024-11-01
Residuos no renovables,Asturias,11938.319,2024-11-01
Generación total,Asturias,761865.2140000002,2024-11-01
Hidráulica,Asturias,197042.354,2024-12-01
Carbón,Asturias,274735.614,2024-12-01
Ciclo combinado,Asturias,300649.708,2024-12-01
Eólica,Asturias,118885.403,2024-12-01
Solar fotovoltaica,Asturias,21.988,2024-12-01
Otras renovables,Asturias,21011.152,2024-12-01
Cogeneración,Asturias,7085.117,2024-12-01
Residuos no renovables,Asturias,7774.901,2024-12-01
Generación total,Asturias,927206.237,2024-12-01
