variable,comunidad,valor,fecha
Hidráulica,Navarra,44023.97,2023-01-01
Ciclo combinado,Navarra,62557.619,2023-01-01
Eólica,Navarra,382921.802,2023-01-01
Solar fotovoltaica,Navarra,15911.432,2023-01-01
Otras renovables,Navarra,27668.571,2023-01-01
Cogeneración,Navarra,56114.896,2023-01-01
Generación total,Navarra,589198.29,2023-01-01
Hidráulica,Navarra,42597.75,2023-02-01
Ciclo combinado,Navarra,310391.379,2023-02-01
Eólica,Navarra,242510.812,2023-02-01
Solar fotovoltaica,Navarra,21077.182,2023-02-01
Otras renovables,Navarra,25743.244,2023-02-01
Cogeneración,Navarra,64627.18,2023-02-01
Generación total,Navarra,706947.547,2023-02-01
Hidráulica,Navarra,38099.941,2023-03-01
Ciclo combinado,Navarra,168677.055,2023-03-01
Eólica,Navarra,251232.605,2023-03-01
Solar fotovoltaica,Navarra,27076.608,2023-03-01
Otras renovables,Navarra,16614.806,2023-03-01
Cogeneración,Navarra,69321.617,2023-03-01
Generación total,Navarra,571022.632,2023-03-01
Hidráulica,Navarra,28652.821,2023-04-01
Ciclo combinado,Navarra,110423.814,2023-04-01
Eólica,Navarra,261487.258,2023-04-01
Solar fotovoltaica,Navarra,31000.207,2023-04-01
Otras renovables,Navarra,22545.164,2023-04-01
Cogeneración,Navarra,63209.99,2023-04-01
Generación total,Navarra,517319.254,2023-04-01
Hidráulica,Navarra,24233.205,2023-05-01
Ciclo combinado,Navarra,119659.06,2023-05-01
Eólica,Navarra,357180.216,2023-05-01
Solar fotovoltaica,Navarra,32379.535,2023-05-01
Otras renovables,Navarra,24614.866,2023-05-01
Cogeneración,Navarra,63110.821,2023-05-01
Generación total,Navarra,621177.7030000001,2023-05-01
Hidráulica,Navarra,25821.157,2023-06-01
Ciclo combinado,Navarra,407832.442,2023-06-01
Eólica,Navarra,198090.484,2023-06-01
Solar fotovoltaica,Navarra,29449.921,2023-06-01
Otras renovables,Navarra,25689.721,2023-06-01
Cogeneración,Navarra,68286.068,2023-06-01
Generación total,Navarra,755169.793,2023-06-01
Hidráulica,Navarra,22482.114,2023-07-01
Ciclo combinado,Navarra,407379.357,2023-07-01
Eólica,Navarra,243863.195,2023-07-01
Solar fotovoltaica,Navarra,35210.222,2023-07-01
Otras renovables,Navarra,23322.331,2023-07-01
Cogeneración,Navarra,52401.778,2023-07-01
Generación total,Navarra,784658.997,2023-07-01
Hidráulica,Navarra,15142.653,2023-08-01
Ciclo combinado,Navarra,244536.754,2023-08-01
Eólica,Navarra,214681.867,2023-08-01
Solar fotovoltaica,Navarra,33719.624,2023-08-01
Otras renovables,Navarra,16575.783,2023-08-01
Cogeneración,Navarra,50099.921,2023-08-01
Generación total,Navarra,574756.602,2023-08-01
Hidráulica,Navarra,19555.304,2023-09-01
Ciclo combinado,Navarra,352465.856,2023-09-01
Eólica,Navarra,143859.066,2023-09-01
Solar fotovoltaica,Navarra,25752.185,2023-09-01
Otras renovables,Navarra,21333.967,2023-09-01
Cogeneración,Navarra,64426.808,2023-09-01
Generación total,Navarra,627393.186,2023-09-01
Hidráulica,Navarra,11336.514,2023-10-01
Ciclo combinado,Navarra,210159.544,2023-10-01
Eólica,Navarra,174158.597,2023-10-01
Solar fotovoltaica,Navarra,20374.833,2023-10-01
Otras renovables,Navarra,16914.627,2023-10-01
Cogeneración,Navarra,59110.182,2023-10-01
Generación total,Navarra,492054.297,2023-10-01
Hidráulica,Navarra,47507.135,2023-11-01
Ciclo combinado,Navarra,54578.262,2023-11-01
Eólica,Navarra,244733.348,2023-11-01
Solar fotovoltaica,Navarra,15628.166,2023-11-01
Otras renovables,Navarra,11309.18,2023-11-01
Cogeneración,Navarra,51815.202,2023-11-01
Generación total,Navarra,425571.293,2023-11-01
Hidráulica,Navarra,73595.016,2023-12-01
Ciclo combinado,Navarra,119070.046,2023-12-01
Eólica,Navarra,219834.29,2023-12-01
Solar fotovoltaica,Navarra,14477.395,2023-12-01
Otras renovables,Navarra,13633.326,2023-12-01
Cogeneración,Navarra,50701.251,2023-12-01
Generación total,Navarra,491311.324,2023-12-01
Hidráulica,Navarra,67436.847,2024-01-01
Ciclo combinado,Navarra,252160.174,2024-01-01
Eólica,Navarra,171972.487,2024-01-01
Solar fotovoltaica,Navarra,13881.938,2024-01-01
Otras renovables,Navarra,25918.978,2024-01-01
Cogeneración,Navarra,73760.155,2024-01-01
Generación total,Navarra,605130.579,2024-01-01
Hidráulica,Navarra,48003.682,2024-02-01
Ciclo combinado,Navarra,38938.495,2024-02-01
Eólica,Navarra,346074.389,2024-02-01
Solar fotovoltaica,Navarra,18521.748,2024-02-01
Otras renovables,Navarra,16929.046,2024-02-01
Cogeneración,Navarra,55197.41,2024-02-01
Generación total,Navarra,523664.77,2024-02-01
Hidráulica,Navarra,78644.207,2024-03-01
Ciclo combinado,Navarra,49566.992,2024-03-01
Eólica,Navarra,282898.435,2024-03-01
Solar fotovoltaica,Navarra,24097.716,2024-03-01
Otras renovables,Navarra,19037.033,2024-03-01
Cogeneración,Navarra,38360.116,2024-03-01
Generación total,Navarra,492604.499,2024-03-01
Hidráulica,Navarra,43071.518,2024-04-01
Ciclo combinado,Navarra,11927.663,2024-04-01
Eólica,Navarra,335487.288,2024-04-01
Solar fotovoltaica,Navarra,29407.614,2024-04-01
Otras renovables,Navarra,19697.25,2024-04-01
Cogeneración,Navarra,28136.358,2024-04-01
Generación total,Navarra,467727.691,2024-04-01
Hidráulica,Navarra,45830.3,2024-05-01
Ciclo combinado,Navarra,13163.884,2024-05-01
Eólica,Navarra,231485.358,2024-05-01
Solar fotovoltaica,Navarra,33426.499,2024-05-01
Otras renovables,Navarra,22638.423,2024-05-01
Cogeneración,Navarra,53534.456,2024-05-01
Generación total,Navarra,400078.92,2024-05-01
Hidráulica,Navarra,22476.12,2024-06-01
Ciclo combinado,Navarra,26257.697,2024-06-01
Eólica,Navarra,284606.965,2024-06-01
Solar fotovoltaica,Navarra,33284.377,2024-06-01
Otras renovables,Navarra,16325.583,2024-06-01
Cogeneración,Navarra,52166.472,2024-06-01
Generación total,Navarra,435117.214,2024-06-01
Hidráulica,Navarra,22529.62,2024-07-01
Ciclo combinado,Navarra,144851.765,2024-07-01
Eólica,Navarra,278584.49,2024-07-01
Solar fotovoltaica,Navarra,37608.921,2024-07-01
Otras renovables,Navarra,22969.28,2024-07-01
Cogeneración,Navarra,56664.076,2024-07-01
Generación total,Navarra,563208.152,2024-07-01
Hidráulica,Navarra,23204.924,2024-08-01
Ciclo combinado,Navarra,159869.211,2024-08-01
Eólica,Navarra,320529.975,2024-08-01
Solar fotovoltaica,Navarra,33584.07,2024-08-01
Otras renovables,Navarra,24113.829,2024-08-01
Cogeneración,Navarra,56879.433,2024-08-01
Generación total,Navarra,618181.4419999999,2024-08-01
Hidráulica,Navarra,22504.248,2024-09-01
Ciclo combinado,Navarra,105343.784,2024-09-01
Eólica,Navarra,262411.445,2024-09-01
Solar fotovoltaica,Navarra,24324.452,2024-09-01
Otras renovables,Navarra,22211.713,2024-09-01
Cogeneración,Navarra,44204.478,2024-09-01
Generación total,Navarra,481000.12,2024-09-01
Hidráulica,Navarra,50408.098,2024-10-01
Ciclo combinado,Navarra,43729.552,2024-10-01
Eólica,Navarra,238904.189,2024-10-01
Solar fotovoltaica,Navarra,19738.558,2024-10-01
Otras renovables,Navarra,18108.258,2024-10-01
Cogeneración,Navarra,50580.42,2024-10-01
Generación total,Navarra,421469.075,2024-10-01
Hidráulica,Navarra,48150.596,2024-11-01
Ciclo combinado,Navarra,287036.224,2024-11-01
Eólica,Navarra,224356.173,2024-11-01
Solar fotovoltaica,Navarra,16676.62,2024-11-01
Otras renovables,Navarra,22797.672,2024-11-01
Cogeneración,Navarra,62389.317,2024-11-01
Generación total,Navarra,661406.6020000001,2024-11-01
Hidráulica,Navarra,70394.895,2024-12-01
Ciclo combinado,Navarra,339729.395,2024-12-01
Eólica,Navarra,287454.376,2024-12-01
Solar fotovoltaica,Navarra,12918.089,2024-12-01
Otras renovables,Navarra,27677.01,2024-12-01
Cogeneración,Navarra,60128.83,2024-12-01
Generación total,Navarra,798302.595,2024-12-01
