variable,comunidad,valor,fecha
Hidráulica,Larioja,10348.112,2023-01-01
Ciclo combinado,Larioja,129423.222,2023-01-01
Eólica,Larioja,113471.213,2023-01-01
Solar fotovoltaica,Larioja,6603.638,2023-01-01
Otras renovables,Larioja,1022.258,2023-01-01
Cogeneración,Larioja,3436.236,2023-01-01
Generación total,Larioja,264304.679,2023-01-01
Hidráulica,Larioja,10930.303,2023-02-01
Ciclo combinado,Larioja,153565.285,2023-02-01
Eólica,Larioja,69298.662,2023-02-01
Solar fotovoltaica,Larioja,9503.685,2023-02-01
Otras renovables,Larioja,975.746,2023-02-01
Cogeneración,Larioja,5499.601,2023-02-01
Generación total,Larioja,249773.282,2023-02-01
Hidráulica,Larioja,8046.84,2023-03-01
Ciclo combinado,Larioja,82506.813,2023-03-01
Eólica,Larioja,67871.752,2023-03-01
Solar fotovoltaica,Larioja,12918.004,2023-03-01
Otras renovables,Larioja,1004.141,2023-03-01
Cogeneración,Larioja,6197.946,2023-03-01
Generación total,Larioja,178545.49599999998,2023-03-01
Hidráulica,Larioja,3776.175,2023-04-01
Ciclo combinado,Larioja,50677.231,2023-04-01
Eólica,Larioja,56468.288,2023-04-01
Solar fotovoltaica,Larioja,15163.499,2023-04-01
Otras renovables,Larioja,759.893,2023-04-01
Cogeneración,Larioja,5450.38,2023-04-01
Generación total,Larioja,132295.466,2023-04-01
Hidráulica,Larioja,2795.107,2023-05-01
Ciclo combinado,Larioja,74413.962,2023-05-01
Eólica,Larioja,94741.075,2023-05-01
Solar fotovoltaica,Larioja,16283.119,2023-05-01
Otras renovables,Larioja,886.078,2023-05-01
Cogeneración,Larioja,5665.022,2023-05-01
Generación total,Larioja,194784.363,2023-05-01
Hidráulica,Larioja,4674.532,2023-06-01
Ciclo combinado,Larioja,30616.129,2023-06-01
Eólica,Larioja,43278.811,2023-06-01
Solar fotovoltaica,Larioja,14828.617,2023-06-01
Otras renovables,Larioja,806.882,2023-06-01
Cogeneración,Larioja,6037.029,2023-06-01
Generación total,Larioja,100242,2023-06-01
Hidráulica,Larioja,6051.658,2023-07-01
Ciclo combinado,Larioja,74794.982,2023-07-01
Eólica,Larioja,35654.218,2023-07-01
Solar fotovoltaica,Larioja,17549.283,2023-07-01
Otras renovables,Larioja,691.081,2023-07-01
Cogeneración,Larioja,5596.026,2023-07-01
Generación total,Larioja,140337.24800000002,2023-07-01
Hidráulica,Larioja,9158.142,2023-08-01
Ciclo combinado,Larioja,66558.359,2023-08-01
Eólica,Larioja,50436.117,2023-08-01
Solar fotovoltaica,Larioja,16149.81,2023-08-01
Otras renovables,Larioja,895.759,2023-08-01
Cogeneración,Larioja,5946.763,2023-08-01
Generación total,Larioja,149144.94999999998,2023-08-01
Hidráulica,Larioja,3490.05,2023-09-01
Ciclo combinado,Larioja,132703.776,2023-09-01
Eólica,Larioja,36080.93,2023-09-01
Solar fotovoltaica,Larioja,12909.701,2023-09-01
Otras renovables,Larioja,837.198,2023-09-01
Cogeneración,Larioja,5626.699,2023-09-01
Generación total,Larioja,191648.354,2023-09-01
Hidráulica,Larioja,2463.806,2023-10-01
Ciclo combinado,Larioja,125584.364,2023-10-01
Eólica,Larioja,47156.728,2023-10-01
Solar fotovoltaica,Larioja,10146.547,2023-10-01
Otras renovables,Larioja,960.276,2023-10-01
Cogeneración,Larioja,4259.197,2023-10-01
Generación total,Larioja,190570.918,2023-10-01
Hidráulica,Larioja,11731.939,2023-11-01
Ciclo combinado,Larioja,95316.941,2023-11-01
Eólica,Larioja,68358.506,2023-11-01
Solar fotovoltaica,Larioja,7886.687,2023-11-01
Otras renovables,Larioja,943.705,2023-11-01
Cogeneración,Larioja,2790.326,2023-11-01
Generación total,Larioja,187028.104,2023-11-01
Hidráulica,Larioja,15441.482,2023-12-01
Ciclo combinado,Larioja,123162.162,2023-12-01
Eólica,Larioja,78491.202,2023-12-01
Solar fotovoltaica,Larioja,6625.639,2023-12-01
Otras renovables,Larioja,755.51,2023-12-01
Cogeneración,Larioja,4166.634,2023-12-01
Generación total,Larioja,228642.629,2023-12-01
Hidráulica,Larioja,15094.255,2024-01-01
Ciclo combinado,Larioja,131709.998,2024-01-01
Eólica,Larioja,57618.339,2024-01-01
Solar fotovoltaica,Larioja,6441.385,2024-01-01
Otras renovables,Larioja,844.946,2024-01-01
Cogeneración,Larioja,5915.023,2024-01-01
Generación total,Larioja,217623.946,2024-01-01
Hidráulica,Larioja,11745.426,2024-02-01
Ciclo combinado,Larioja,68013.791,2024-02-01
Eólica,Larioja,75115.275,2024-02-01
Solar fotovoltaica,Larioja,9007.238,2024-02-01
Otras renovables,Larioja,793.153,2024-02-01
Cogeneración,Larioja,5612.625,2024-02-01
Generación total,Larioja,170287.508,2024-02-01
Hidráulica,Larioja,16452.886,2024-03-01
Ciclo combinado,Larioja,40128.596,2024-03-01
Eólica,Larioja,27498.586,2024-03-01
Solar fotovoltaica,Larioja,12717.955,2024-03-01
Otras renovables,Larioja,841.118,2024-03-01
Cogeneración,Larioja,4928.052,2024-03-01
Generación total,Larioja,102567.193,2024-03-01
Hidráulica,Larioja,13111.478,2024-04-01
Ciclo combinado,Larioja,18201.775,2024-04-01
Eólica,Larioja,35191.552,2024-04-01
Solar fotovoltaica,Larioja,15012.665,2024-04-01
Otras renovables,Larioja,723.23,2024-04-01
Cogeneración,Larioja,4367.603,2024-04-01
Generación total,Larioja,86608.303,2024-04-01
Hidráulica,Larioja,11193.355,2024-05-01
Ciclo combinado,Larioja,57482.267,2024-05-01
Eólica,Larioja,31685.303,2024-05-01
Solar fotovoltaica,Larioja,16207.127,2024-05-01
Otras renovables,Larioja,746.427,2024-05-01
Cogeneración,Larioja,4734.741,2024-05-01
Generación total,Larioja,122049.22,2024-05-01
Hidráulica,Larioja,6514.122,2024-06-01
Ciclo combinado,Larioja,75292.931,2024-06-01
Eólica,Larioja,44020.047,2024-06-01
Solar fotovoltaica,Larioja,15730.498,2024-06-01
Otras renovables,Larioja,894.861,2024-06-01
Cogeneración,Larioja,5291.645,2024-06-01
Generación total,Larioja,147744.104,2024-06-01
Hidráulica,Larioja,6554.371,2024-07-01
Ciclo combinado,Larioja,77618.02,2024-07-01
Eólica,Larioja,43124.886,2024-07-01
Solar fotovoltaica,Larioja,17633.906,2024-07-01
Otras renovables,Larioja,762.506,2024-07-01
Cogeneración,Larioja,5646.245,2024-07-01
Generación total,Larioja,151339.93399999998,2024-07-01
Hidráulica,Larioja,7643.295,2024-08-01
Ciclo combinado,Larioja,78135.898,2024-08-01
Eólica,Larioja,52744.645,2024-08-01
Solar fotovoltaica,Larioja,15739.667,2024-08-01
Otras renovables,Larioja,713.025,2024-08-01
Cogeneración,Larioja,5789.666,2024-08-01
Generación total,Larioja,160766.19599999997,2024-08-01
Hidráulica,Larioja,3310,2024-09-01
Ciclo combinado,Larioja,72940.201,2024-09-01
Eólica,Larioja,56109.048,2024-09-01
Solar fotovoltaica,Larioja,10779.977,2024-09-01
Otras renovables,Larioja,725.159,2024-09-01
Cogeneración,Larioja,4948.506,2024-09-01
Generación total,Larioja,148812.89100000003,2024-09-01
Hidráulica,Larioja,7796.577,2024-10-01
Ciclo combinado,Larioja,123589.439,2024-10-01
Eólica,Larioja,60418.8,2024-10-01
Solar fotovoltaica,Larioja,6942.841,2024-10-01
Otras renovables,Larioja,803.564,2024-10-01
Cogeneración,Larioja,5142.333,2024-10-01
Generación total,Larioja,204693.55400000003,2024-10-01
Hidráulica,Larioja,8975.916,2024-11-01
Ciclo combinado,Larioja,124453.728,2024-11-01
Eólica,Larioja,54105.43,2024-11-01
Solar fotovoltaica,Larioja,6895.749,2024-11-01
Otras renovables,Larioja,859.31,2024-11-01
Cogeneración,Larioja,5056.668,2024-11-01
Generación total,Larioja,200346.801,2024-11-01
Hidráulica,Larioja,10986.322,2024-12-01
Ciclo combinado,Larioja,132025.882,2024-12-01
Eólica,Larioja,89685.636,2024-12-01
Solar fotovoltaica,Larioja,4837.679,2024-12-01
Otras renovables,Larioja,972.15,2024-12-01
Cogeneración,Larioja,5747.78,2024-12-01
Generación total,Larioja,244255.449,2024-12-01
