variable,comunidad,valor,fecha
Hidráulica,Andalucia,18407.598,2023-01-01
Carbón,Andalucia,42254.524,2023-01-01
Ciclo combinado,Andalucia,435705.037,2023-01-01
Eólica,Andalucia,552635.226,2023-01-01
Solar fotovoltaica,Andalucia,429269.28,2023-01-01
Solar térmica,Andalucia,60160.005,2023-01-01
Otras renovables,Andalucia,97452.702,2023-01-01
Cogeneración,Andalucia,277511.456,2023-01-01
Residuos no renovables,Andalucia,1335.624,2023-01-01
Generación total,Andalucia,1914731.452,2023-01-01
Hidráulica,Andalucia,10515.175,2023-02-01
Carbón,Andalucia,82160.509,2023-02-01
Ciclo combinado,Andalucia,961366.91,2023-02-01
Eólica,Andalucia,819123.227,2023-02-01
Solar fotovoltaica,Andalucia,471628.414,2023-02-01
Solar térmica,Andalucia,66149.932,2023-02-01
Otras renovables,Andalucia,138232.405,2023-02-01
Cogeneración,Andalucia,286107.309,2023-02-01
Residuos no renovables,Andalucia,1735.056,2023-02-01
Generación total,Andalucia,2837018.9369999995,2023-02-01
Hidráulica,Andalucia,14122.596,2023-03-01
Carbón,Andalucia,24003.231,2023-03-01
Ciclo combinado,Andalucia,682663.778,2023-03-01
Eólica,Andalucia,494246.479,2023-03-01
Solar fotovoltaica,Andalucia,728490.931,2023-03-01
Solar térmica,Andalucia,184221.103,2023-03-01
Otras renovables,Andalucia,121121.687,2023-03-01
Cogeneración,Andalucia,316528.78,2023-03-01
Residuos no renovables,Andalucia,1476.31,2023-03-01
Generación total,Andalucia,2566874.895,2023-03-01
Hidráulica,Andalucia,24457.044,2023-04-01
Carbón,Andalucia,NA,2023-04-01
Ciclo combinado,Andalucia,535280.277,2023-04-01
Eólica,Andalucia,578915.073,2023-04-01
Solar fotovoltaica,Andalucia,849844.867,2023-04-01
Solar térmica,Andalucia,262570.824,2023-04-01
Otras renovables,Andalucia,81576.89,2023-04-01
Cogeneración,Andalucia,286081.488,2023-04-01
Residuos no renovables,Andalucia,1418.119,2023-04-01
Generación total,Andalucia,2620144.582,2023-04-01
Hidráulica,Andalucia,18438.12,2023-05-01
Carbón,Andalucia,NA,2023-05-01
Ciclo combinado,Andalucia,608059.564,2023-05-01
Eólica,Andalucia,400859.296,2023-05-01
Solar fotovoltaica,Andalucia,836786.208,2023-05-01
Solar térmica,Andalucia,217420.096,2023-05-01
Otras renovables,Andalucia,106219.331,2023-05-01
Cogeneración,Andalucia,280537.778,2023-05-01
Residuos no renovables,Andalucia,1694.788,2023-05-01
Generación total,Andalucia,2470015.1810000003,2023-05-01
Hidráulica,Andalucia,20903.724,2023-06-01
Carbón,Andalucia,18408.7,2023-06-01
Ciclo combinado,Andalucia,1003064.839,2023-06-01
Eólica,Andalucia,523085.812,2023-06-01
Solar fotovoltaica,Andalucia,892010.71,2023-06-01
Solar térmica,Andalucia,246753.391,2023-06-01
Otras renovables,Andalucia,106738.553,2023-06-01
Cogeneración,Andalucia,270325.689,2023-06-01
Residuos no renovables,Andalucia,1833.28,2023-06-01
Generación total,Andalucia,3083124.6979999994,2023-06-01
Hidráulica,Andalucia,25827.152,2023-07-01
Carbón,Andalucia,6516.562,2023-07-01
Ciclo combinado,Andalucia,1222328.392,2023-07-01
Eólica,Andalucia,351426.094,2023-07-01
Solar fotovoltaica,Andalucia,1020039.276,2023-07-01
Solar térmica,Andalucia,334094.611,2023-07-01
Otras renovables,Andalucia,110210.234,2023-07-01
Cogeneración,Andalucia,263715.817,2023-07-01
Residuos no renovables,Andalucia,1605.59,2023-07-01
Generación total,Andalucia,3335763.728,2023-07-01
Hidráulica,Andalucia,19500.639,2023-08-01
Carbón,Andalucia,NA,2023-08-01
Ciclo combinado,Andalucia,1305263.087,2023-08-01
Eólica,Andalucia,502427.034,2023-08-01
Solar fotovoltaica,Andalucia,947918.311,2023-08-01
Solar térmica,Andalucia,312974.37,2023-08-01
Otras renovables,Andalucia,121465.396,2023-08-01
Cogeneración,Andalucia,274556.61,2023-08-01
Residuos no renovables,Andalucia,1818.624,2023-08-01
Generación total,Andalucia,3485924.071,2023-08-01
Hidráulica,Andalucia,12891.427,2023-09-01
Carbón,Andalucia,19866.413,2023-09-01
Ciclo combinado,Andalucia,1124693.86,2023-09-01
Eólica,Andalucia,504626.328,2023-09-01
Solar fotovoltaica,Andalucia,767192.797,2023-09-01
Solar térmica,Andalucia,187382.859,2023-09-01
Otras renovables,Andalucia,90262.566,2023-09-01
Cogeneración,Andalucia,295304.707,2023-09-01
Residuos no renovables,Andalucia,1783.578,2023-09-01
Generación total,Andalucia,3004004.5350000006,2023-09-01
Hidráulica,Andalucia,8201.012,2023-10-01
Carbón,Andalucia,70177.176,2023-10-01
Ciclo combinado,Andalucia,879905.918,2023-10-01
Eólica,Andalucia,722747.292,2023-10-01
Solar fotovoltaica,Andalucia,603256.874,2023-10-01
Solar térmica,Andalucia,110477.164,2023-10-01
Otras renovables,Andalucia,72705.497,2023-10-01
Cogeneración,Andalucia,237206.482,2023-10-01
Residuos no renovables,Andalucia,1539.942,2023-10-01
Generación total,Andalucia,2706217.3569999994,2023-10-01
Hidráulica,Andalucia,6182.446,2023-11-01
Carbón,Andalucia,NA,2023-11-01
Ciclo combinado,Andalucia,445107.876,2023-11-01
Eólica,Andalucia,435164.533,2023-11-01
Solar fotovoltaica,Andalucia,496101.24,2023-11-01
Solar térmica,Andalucia,66125.457,2023-11-01
Otras renovables,Andalucia,81946.855,2023-11-01
Cogeneración,Andalucia,208338.305,2023-11-01
Residuos no renovables,Andalucia,3234.355,2023-11-01
Generación total,Andalucia,1742201.0669999998,2023-11-01
Hidráulica,Andalucia,7543.077,2023-12-01
Carbón,Andalucia,NA,2023-12-01
Ciclo combinado,Andalucia,611432.461,2023-12-01
Eólica,Andalucia,399027.577,2023-12-01
Solar fotovoltaica,Andalucia,458843.053,2023-12-01
Solar térmica,Andalucia,49901.77,2023-12-01
Otras renovables,Andalucia,78178.701,2023-12-01
Cogeneración,Andalucia,278045.86,2023-12-01
Residuos no renovables,Andalucia,1789.186,2023-12-01
Generación total,Andalucia,1884761.685,2023-12-01
Hidráulica,Andalucia,11457.931,2024-01-01
Carbón,Andalucia,46893.149,2024-01-01
Ciclo combinado,Andalucia,675629.495,2024-01-01
Eólica,Andalucia,699627.921,2024-01-01
Solar fotovoltaica,Andalucia,498233.561,2024-01-01
Solar térmica,Andalucia,46695.888,2024-01-01
Otras renovables,Andalucia,96577.256,2024-01-01
Cogeneración,Andalucia,306817.259,2024-01-01
Residuos no renovables,Andalucia,1709.787,2024-01-01
Generación total,Andalucia,2383642.247,2024-01-01
Hidráulica,Andalucia,26755.854,2024-02-01
Carbón,Andalucia,2593.469,2024-02-01
Ciclo combinado,Andalucia,366249.366,2024-02-01
Eólica,Andalucia,775589.69,2024-02-01
Solar fotovoltaica,Andalucia,666607.33,2024-02-01
Solar térmica,Andalucia,82670.897,2024-02-01
Otras renovables,Andalucia,95203.628,2024-02-01
Cogeneración,Andalucia,292274.8,2024-02-01
Residuos no renovables,Andalucia,1126.425,2024-02-01
Generación total,Andalucia,2309071.459,2024-02-01
Hidráulica,Andalucia,39191.068,2024-03-01
Carbón,Andalucia,NA,2024-03-01
Ciclo combinado,Andalucia,332179.23,2024-03-01
Eólica,Andalucia,715143.506,2024-03-01
Solar fotovoltaica,Andalucia,660445.174,2024-03-01
Solar térmica,Andalucia,67442.118,2024-03-01
Otras renovables,Andalucia,126316.862,2024-03-01
Cogeneración,Andalucia,293737.231,2024-03-01
Residuos no renovables,Andalucia,518.484,2024-03-01
Generación total,Andalucia,2234973.6730000004,2024-03-01
Hidráulica,Andalucia,38972.645,2024-04-01
Carbón,Andalucia,NA,2024-04-01
Ciclo combinado,Andalucia,342146.563,2024-04-01
Eólica,Andalucia,439816.362,2024-04-01
Solar fotovoltaica,Andalucia,933916.49,2024-04-01
Solar térmica,Andalucia,168026.316,2024-04-01
Otras renovables,Andalucia,114753.209,2024-04-01
Cogeneración,Andalucia,202261.446,2024-04-01
Residuos no renovables,Andalucia,284.24,2024-04-01
Generación total,Andalucia,2240177.2710000006,2024-04-01
Hidráulica,Andalucia,50085.299,2024-05-01
Carbón,Andalucia,NA,2024-05-01
Ciclo combinado,Andalucia,284298.636,2024-05-01
Eólica,Andalucia,535896.748,2024-05-01
Solar fotovoltaica,Andalucia,1185475.53,2024-05-01
Solar térmica,Andalucia,259091.694,2024-05-01
Otras renovables,Andalucia,130291.33,2024-05-01
Cogeneración,Andalucia,246439.55,2024-05-01
Residuos no renovables,Andalucia,1011.732,2024-05-01
Generación total,Andalucia,2692590.519,2024-05-01
Hidráulica,Andalucia,63497.791,2024-06-01
Carbón,Andalucia,NA,2024-06-01
Ciclo combinado,Andalucia,300750.337,2024-06-01
Eólica,Andalucia,493763.226,2024-06-01
Solar fotovoltaica,Andalucia,1060794.948,2024-06-01
Solar térmica,Andalucia,217786.06,2024-06-01
Otras renovables,Andalucia,125121.458,2024-06-01
Cogeneración,Andalucia,265811.003,2024-06-01
Residuos no renovables,Andalucia,1448.447,2024-06-01
Generación total,Andalucia,2528973.2700000005,2024-06-01
Hidráulica,Andalucia,66119.871,2024-07-01
Carbón,Andalucia,NA,2024-07-01
Ciclo combinado,Andalucia,601544.108,2024-07-01
Eólica,Andalucia,418056.741,2024-07-01
Solar fotovoltaica,Andalucia,1274996.331,2024-07-01
Solar térmica,Andalucia,319555.764,2024-07-01
Otras renovables,Andalucia,144367.408,2024-07-01
Cogeneración,Andalucia,291069.001,2024-07-01
Residuos no renovables,Andalucia,1661.927,2024-07-01
Generación total,Andalucia,3117371.151,2024-07-01
Hidráulica,Andalucia,68585.722,2024-08-01
Carbón,Andalucia,NA,2024-08-01
Ciclo combinado,Andalucia,781108.192,2024-08-01
Eólica,Andalucia,400377.754,2024-08-01
Solar fotovoltaica,Andalucia,1207534.878,2024-08-01
Solar térmica,Andalucia,289788.816,2024-08-01
Otras renovables,Andalucia,134492.183,2024-08-01
Cogeneración,Andalucia,272300.642,2024-08-01
Residuos no renovables,Andalucia,1848.886,2024-08-01
Generación total,Andalucia,3156037.0730000003,2024-08-01
Hidráulica,Andalucia,36364.907,2024-09-01
Carbón,Andalucia,NA,2024-09-01
Ciclo combinado,Andalucia,548730.59,2024-09-01
Eólica,Andalucia,477315.484,2024-09-01
Solar fotovoltaica,Andalucia,948578.268,2024-09-01
Solar térmica,Andalucia,187454.713,2024-09-01
Otras renovables,Andalucia,127307.344,2024-09-01
Cogeneración,Andalucia,231988.99,2024-09-01
Residuos no renovables,Andalucia,1612.306,2024-09-01
Generación total,Andalucia,2559352.602,2024-09-01
Hidráulica,Andalucia,8803.44,2024-10-01
Carbón,Andalucia,53868.067,2024-10-01
Ciclo combinado,Andalucia,491191.387,2024-10-01
Eólica,Andalucia,579969.136,2024-10-01
Solar fotovoltaica,Andalucia,655998.6,2024-10-01
Solar térmica,Andalucia,72723.47,2024-10-01
Otras renovables,Andalucia,119916.627,2024-10-01
Cogeneración,Andalucia,199278.024,2024-10-01
Residuos no renovables,Andalucia,2447.247,2024-10-01
Generación total,Andalucia,2184195.998,2024-10-01
Hidráulica,Andalucia,14660.168,2024-11-01
Carbón,Andalucia,55892.794,2024-11-01
Ciclo combinado,Andalucia,651473.086,2024-11-01
Eólica,Andalucia,628895.606,2024-11-01
Solar fotovoltaica,Andalucia,588903.792,2024-11-01
Solar térmica,Andalucia,40710.478,2024-11-01
Otras renovables,Andalucia,127105.376,2024-11-01
Cogeneración,Andalucia,289511.132,2024-11-01
Residuos no renovables,Andalucia,2119.272,2024-11-01
Generación total,Andalucia,2399271.704,2024-11-01
Hidráulica,Andalucia,11743.874,2024-12-01
Carbón,Andalucia,40350.903,2024-12-01
Ciclo combinado,Andalucia,926884.574,2024-12-01
Eólica,Andalucia,537366.747,2024-12-01
Solar fotovoltaica,Andalucia,648770.227,2024-12-01
Solar térmica,Andalucia,52374.541,2024-12-01
Otras renovables,Andalucia,142142.543,2024-12-01
Cogeneración,Andalucia,293667.012,2024-12-01
Residuos no renovables,Andalucia,1774.812,2024-12-01
Generación total,Andalucia,2655075.2330000005,2024-12-01
