[ {
  "fecha" : "2023-12",
  "indicativo" : "2661",
  "p_max" : "6.1(07)",
  "n_cub" : "14",
  "glo" : "17256",
  "hr" : "88",
  "n_gra" : "0",
  "n_fog" : "13",
  "inso" : "3.4",
  "q_max" : "931.8(16)",
  "q_mar" : "1023.9",
  "q_med" : "917.7",
  "tm_min" : "-0.1",
  "ta_max" : "15.0(10)",
  "ts_min" : "9.4",
  "nt_30" : "0",
  "nv_0050" : "0",
  "n_des" : "4",
  "np_100" : "0",
  "n_nub" : "13",
  "p_sol" : "37",
  "np_001" : "10",
  "ta_min" : "-6.8(19)",
  "e" : "74",
  "np_300" : "0",
  "nv_1000" : "12",
  "p_mes" : "26.7",
  "n_llu" : "11",
  "n_tor" : "0",
  "w_med" : "9",
  "nt_00" : "17",
  "ti_max" : "-0.5",
  "n_nie" : "0",
  "tm_mes" : "3.9",
  "tm_max" : "7.9",
  "nv_0100" : "0",
  "q_min" : "895.1(01)",
  "np_010" : "8"
}, {
  "fecha" : "2023-11",
  "indicativo" : "2661",
  "p_max" : "22.7(01)",
  "n_cub" : "11",
  "glo" : "21263",
  "hr" : "82",
  "n_gra" : "0",
  "n_fog" : "5",
  "inso" : "4.7",
  "q_max" : "923.4(23)",
  "nw_55" : "6",
  "q_mar" : "1016.8",
  "q_med" : "912.0",
  "tm_min" : "5.2",
  "ta_max" : "18.3(24)",
  "ts_min" : "11.3",
  "nt_30" : "0",
  "nv_0050" : "0",
  "n_des" : "0",
  "w_racha" : "26/24.7(02)",
  "np_100" : "1",
  "n_nub" : "19",
  "p_sol" : "48",
  "nw_91" : "0",
  "np_001" : "16",
  "ta_min" : "0.0(24)",
  "w_rec" : "326",
  "e" : "98",
  "np_300" : "0",
  "nv_1000" : "4",
  "evap" : "677",
  "p_mes" : "75.2",
  "n_llu" : "15",
  "n_tor" : "0",
  "w_med" : "15",
  "nt_00" : "1",
  "ti_max" : "8.7",
  "n_nie" : "0",
  "tm_mes" : "9.4",
  "tm_max" : "13.6",
  "nv_0100" : "0",
  "q_min" : "888.8(04)",
  "np_010" : "8"
}, {
  "fecha" : "2023-5",
  "indicativo" : "2661",
  "p_max" : "5.9(28)",
  "n_cub" : "4",
  "glo" : "73471",
  "hr" : "53",
  "n_gra" : "0",
  "n_fog" : "0",
  "inso" : "10.4",
  "q_max" : "920.4(08)",
  "nw_55" : "2",
  "q_mar" : "1016.4",
  "q_med" : "913.7",
  "tm_min" : "6.5",
  "ta_max" : "26.6(03)",
  "ts_min" : "12.6",
  "nt_30" : "0",
  "nv_0050" : "0",
  "n_des" : "3",
  "w_racha" : "27/21.1(03)",
  "np_100" : "0",
  "n_nub" : "24",
  "p_sol" : "71",
  "nw_91" : "0",
  "np_001" : "11",
  "ta_min" : "0.6(17)",
  "w_rec" : "289",
  "e" : "92",
  "np_300" : "0",
  "nv_1000" : "0",
  "evap" : "1482",
  "p_mes" : "21.9",
  "n_llu" : "11",
  "n_tor" : "6",
  "w_med" : "14",
  "nt_00" : "0",
  "ti_max" : "14.7",
  "n_nie" : "0",
  "tm_mes" : "13.8",
  "tm_max" : "21.1",
  "nv_0100" : "0",
  "q_min" : "907.4(03)",
  "np_010" : "5"
}, {
  "fecha" : "2023-9",
  "indicativo" : "2661",
  "p_max" : "38.6(03)",
  "n_cub" : "6",
  "glo" : "51383",
  "hr" : "65",
  "n_gra" : "0",
  "n_fog" : "0",
  "inso" : "8.3",
  "q_max" : "922.5(30)",
  "nw_55" : "3",
  "q_mar" : "1014.6",
  "q_med" : "913.1",
  "tm_min" : "12.1",
  "ta_max" : "29.8(30)",
  "ts_min" : "17.0",
  "nt_30" : "0",
  "nv_0050" : "0",
  "n_des" : "6",
  "w_racha" : "20/16.9(17)",
  "np_100" : "4",
  "n_nub" : "18",
  "p_sol" : "67",
  "nw_91" : "0",
  "np_001" : "13",
  "ta_min" : "5.2(23)",
  "w_rec" : "243",
  "e" : "133",
  "np_300" : "1",
  "nv_1000" : "0",
  "evap" : "1176",
  "p_mes" : "98.3",
  "n_llu" : "13",
  "n_tor" : "4",
  "w_med" : "11",
  "nt_00" : "0",
  "ti_max" : "16.9",
  "n_nie" : "0",
  "tm_mes" : "17.8",
  "tm_max" : "23.6",
  "nv_0100" : "0",
  "q_min" : "902.0(21)",
  "np_010" : "9"
}, {
  "fecha" : "2023-1",
  "indicativo" : "2661",
  "p_max" : "10.8(07)",
  "n_cub" : "7",
  "glo" : "22953",
  "hr" : "80",
  "n_gra" : "0",
  "n_fog" : "6",
  "inso" : "5.9",
  "q_max" : "928.7(04)",
  "nw_55" : "4",
  "q_mar" : "1024.6",
  "q_med" : "916.7",
  "tm_min" : "-1.0",
  "ta_max" : "12.4(08)",
  "ts_min" : "6.2",
  "nt_30" : "0",
  "nv_0050" : "0",
  "n_des" : "10",
  "w_racha" : "27/28.9(17)",
  "np_100" : "2",
  "n_nub" : "14",
  "p_sol" : "62",
  "nw_91" : "1",
  "np_001" : "13",
  "ta_min" : "-6.2(30)",
  "w_rec" : "280",
  "e" : "64",
  "np_300" : "0",
  "nv_1000" : "4",
  "p_mes" : "45.0",
  "n_llu" : "11",
  "n_tor" : "0",
  "w_med" : "12",
  "nt_00" : "20",
  "ti_max" : "1.1",
  "n_nie" : "2",
  "tm_mes" : "3.6",
  "tm_max" : "8.2",
  "nv_0100" : "1",
  "q_min" : "892.9(17)",
  "np_010" : "9"
}, {
  "fecha" : "2023-7",
  "indicativo" : "2661",
  "p_max" : "0.0(--)",
  "n_cub" : "1",
  "glo" : "87112",
  "hr" : "45",
  "n_gra" : "0",
  "n_fog" : "0",
  "inso" : "12.9",
  "q_max" : "919.3(10)",
  "nw_55" : "3",
  "q_mar" : "1013.6",
  "q_med" : "913.7",
  "tm_min" : "12.7",
  "ta_max" : "33.6(18)",
  "ts_min" : "15.9",
  "nt_30" : "10",
  "nv_0050" : "0",
  "n_des" : "11",
  "w_racha" : "18/16.1(18)",
  "np_100" : "0",
  "n_nub" : "19",
  "p_sol" : "87",
  "nw_91" : "0",
  "np_001" : "0",
  "ta_min" : "9.0(25)",
  "w_rec" : "261",
  "e" : "118",
  "np_300" : "0",
  "nv_1000" : "0",
  "evap" : "2453",
  "p_mes" : "0.0",
  "n_llu" : "2",
  "n_tor" : "2",
  "w_med" : "12",
  "nt_00" : "0",
  "ti_max" : "22.9",
  "n_nie" : "0",
  "tm_mes" : "20.7",
  "tm_max" : "28.7",
  "nv_0100" : "0",
  "q_min" : "908.5(07)",
  "np_010" : "0"
}, {
  "fecha" : "2023-3",
  "indicativo" : "2661",
  "p_max" : "11.0(08)",
  "glo" : "45833",
  "hr" : "63",
  "n_gra" : "0",
  "n_fog" : "0",
  "inso" : "7.7",
  "q_max" : "919.8(27)",
  "nw_55" : "13",
  "q_mar" : "1016.8",
  "q_med" : "911.9",
  "tm_min" : "2.9",
  "ta_max" : "22.4(29)",
  "ts_min" : "9.1",
  "nt_30" : "0",
  "nv_0050" : "0",
  "w_racha" : "25/24.2(13)",
  "np_100" : "1",
  "p_sol" : "65",
  "nw_91" : "0",
  "np_001" : "12",
  "ta_min" : "-6.2(02)",
  "w_rec" : "358",
  "e" : "74",
  "np_300" : "0",
  "nv_1000" : "0",
  "p_mes" : "17.9",
  "n_llu" : "13",
  "n_tor" : "0",
  "w_med" : "17",
  "nt_00" : "7",
  "ti_max" : "5.9",
  "n_nie" : "1",
  "tm_mes" : "9.0",
  "tm_max" : "15.1",
  "nv_0100" : "0",
  "q_min" : "901.1(07)",
  "np_010" : "3"
}, {
  "fecha" : "2023-4",
  "indicativo" : "2661",
  "p_max" : "4.2(29)",
  "n_cub" : "4",
  "glo" : "62687",
  "hr" : "48",
  "n_gra" : "0",
  "n_fog" : "1",
  "inso" : "10.3",
  "q_max" : "920.8(02)",
  "nw_55" : "6",
  "q_mar" : "1015.2",
  "q_med" : "912.1",
  "tm_min" : "4.8",
  "ta_max" : "27.9(27)",
  "ts_min" : "11.2",
  "nt_30" : "0",
  "nv_0050" : "0",
  "n_des" : "5",
  "w_racha" : "25/18.1(14)",
  "np_100" : "0",
  "n_nub" : "20",
  "p_sol" : "77",
  "nw_91" : "0",
  "np_001" : "6",
  "ta_min" : "-1.7(04)",
  "w_rec" : "306",
  "e" : "76",
  "np_300" : "0",
  "nv_1000" : "0",
  "evap" : "1751",
  "p_mes" : "10.6",
  "n_llu" : "6",
  "n_tor" : "0",
  "w_med" : "15",
  "nt_00" : "3",
  "ti_max" : "12.0",
  "n_nie" : "0",
  "tm_mes" : "12.8",
  "tm_max" : "20.7",
  "nv_0100" : "0",
  "q_min" : "899.4(21)",
  "np_010" : "4"
}, {
  "fecha" : "2023-6",
  "indicativo" : "2661",
  "p_max" : "14.8(03)",
  "n_cub" : "7",
  "glo" : "74440",
  "hr" : "58",
  "n_gra" : "1",
  "n_fog" : "1",
  "inso" : "10.8",
  "q_max" : "921.6(23)",
  "nw_55" : "1",
  "q_mar" : "1012.7",
  "q_med" : "912.1",
  "tm_min" : "12.9",
  "ta_max" : "33.1(25)",
  "ts_min" : "17.5",
  "nt_30" : "3",
  "nv_0050" : "0",
  "n_des" : "2",
  "w_racha" : "20/15.3(09)",
  "np_100" : "3",
  "n_nub" : "20",
  "p_sol" : "71",
  "nw_91" : "0",
  "np_001" : "10",
  "ta_min" : "7.6(30)",
  "w_rec" : "221",
  "e" : "136",
  "np_300" : "0",
  "nv_1000" : "0",
  "evap" : "1271",
  "p_mes" : "51.0",
  "n_llu" : "12",
  "n_tor" : "8",
  "w_med" : "11",
  "nt_00" : "0",
  "ti_max" : "20.6",
  "n_nie" : "0",
  "tm_mes" : "19.4",
  "tm_max" : "25.8",
  "nv_0100" : "0",
  "q_min" : "904.2(08)",
  "np_010" : "6"
}, {
  "fecha" : "2023-13",
  "indicativo" : "2661",
  "p_max" : "38.6(03/sep)",
  "hr" : "63",
  "n_gra" : "1",
  "n_fog" : "28",
  "inso" : "8.4",
  "q_max" : "931.8(16/dic)",
  "q_mar" : "1017.3",
  "q_med" : "913.8",
  "tm_min" : "6.5",
  "ta_max" : "37.5(22/ago)",
  "ts_min" : "20.4",
  "nt_30" : "31",
  "nv_0050" : "0",
  "np_100" : "16",
  "p_sol" : "67",
  "np_001" : "115",
  "ta_min" : "-6.8(19/dic)",
  "e" : "96",
  "np_300" : "1",
  "nv_1000" : "21",
  "p_mes" : "473.1",
  "n_llu" : "114",
  "n_tor" : "21",
  "w_med" : "13",
  "nt_00" : "68",
  "ti_max" : "-0.5",
  "n_nie" : "7",
  "tm_mes" : "12.7",
  "tm_max" : "18.9",
  "nv_0100" : "1",
  "q_min" : "884.0(19/oct)",
  "np_010" : "67"
}, {
  "fecha" : "2023-2",
  "indicativo" : "2661",
  "p_max" : "4.0(22)",
  "n_cub" : "3",
  "hr" : "60",
  "n_gra" : "0",
  "n_fog" : "0",
  "inso" : "8.0",
  "q_max" : "928.6(05)",
  "nw_55" : "0",
  "q_mar" : "1026.0",
  "q_med" : "918.7",
  "tm_min" : "-1.3",
  "ta_max" : "18.3(04)",
  "ts_min" : "6.3",
  "nt_30" : "0",
  "nv_0050" : "0",
  "n_des" : "15",
  "w_racha" : "01/12.5(26)",
  "np_100" : "0",
  "n_nub" : "10",
  "p_sol" : "77",
  "nw_91" : "0",
  "np_001" : "5",
  "ta_min" : "-5.7(28)",
  "w_rec" : "213",
  "e" : "53",
  "np_300" : "0",
  "nv_1000" : "0",
  "evap" : "556",
  "p_mes" : "5.1",
  "n_llu" : "1",
  "n_tor" : "0",
  "w_med" : "9",
  "nt_00" : "20",
  "ti_max" : "4.2",
  "n_nie" : "4",
  "tm_mes" : "5.3",
  "tm_max" : "11.7",
  "nv_0100" : "0",
  "q_min" : "899.3(25)",
  "np_010" : "1"
}, {
  "fecha" : "2023-10",
  "indicativo" : "2661",
  "p_max" : "29.3(25)",
  "n_cub" : "9",
  "glo" : "33702",
  "hr" : "70",
  "n_gra" : "0",
  "n_fog" : "2",
  "inso" : "5.7",
  "q_max" : "923.0(03)",
  "nw_55" : "8",
  "q_mar" : "1012.3",
  "q_med" : "909.9",
  "tm_min" : "9.7",
  "ta_max" : "29.7(01)",
  "ts_min" : "14.4",
  "nt_30" : "0",
  "nv_0050" : "0",
  "n_des" : "8",
  "w_racha" : "26/21.1(26)",
  "np_100" : "5",
  "n_nub" : "14",
  "p_sol" : "50",
  "nw_91" : "0",
  "np_001" : "18",
  "ta_min" : "3.6(24)",
  "w_rec" : "294",
  "e" : "112",
  "np_300" : "0",
  "nv_1000" : "1",
  "evap" : "1012",
  "p_mes" : "119.9",
  "n_llu" : "18",
  "n_tor" : "0",
  "w_med" : "13",
  "nt_00" : "0",
  "ti_max" : "10.6",
  "n_nie" : "0",
  "tm_mes" : "14.7",
  "tm_max" : "19.7",
  "nv_0100" : "0",
  "q_min" : "884.0(19)",
  "np_010" : "13"
}, {
  "fecha" : "2023-8",
  "indicativo" : "2661",
  "p_max" : "1.5(22)",
  "n_cub" : "1",
  "glo" : "76424",
  "hr" : "42",
  "n_gra" : "0",
  "n_fog" : "0",
  "inso" : "12.2",
  "q_max" : "920.8(04)",
  "nw_55" : "3",
  "q_mar" : "1014.1",
  "q_med" : "914.4",
  "tm_min" : "13.8",
  "ta_max" : "37.5(22)",
  "ts_min" : "20.4",
  "nt_30" : "18",
  "nv_0050" : "0",
  "n_des" : "14",
  "w_racha" : "26/18.6(22)",
  "np_100" : "0",
  "n_nub" : "16",
  "p_sol" : "88",
  "nw_91" : "0",
  "np_001" : "1",
  "ta_min" : "8.3(04)",
  "w_rec" : "268",
  "e" : "118",
  "np_300" : "0",
  "nv_1000" : "0",
  "evap" : "2579",
  "p_mes" : "1.5",
  "n_llu" : "1",
  "n_tor" : "1",
  "w_med" : "13",
  "nt_00" : "0",
  "ti_max" : "21.9",
  "n_nie" : "0",
  "tm_mes" : "22.0",
  "tm_max" : "30.2",
  "nv_0100" : "0",
  "q_min" : "909.3(02)",
  "np_010" : "1"
} ]

