[ {
  "fecha" : "2024-11",
  "indicativo" : "2661",
  "p_max" : "22.2(24)",
  "n_cub" : "7",
  "glo" : "22135",
  "hr" : "76",
  "n_gra" : "0",
  "n_fog" : "2",
  "inso" : "4.9",
  "q_max" : "924.1(11)",
  "nw_55" : "3",
  "q_mar" : "1021.4",
  "q_med" : "916.2",
  "tm_min" : "5.6",
  "ta_max" : "19.4(02)",
  "ts_min" : "10.8",
  "nt_30" : "0",
  "nv_0050" : "0",
  "n_des" : "3",
  "w_racha" : "07/18.9(13)",
  "np_100" : "1",
  "n_nub" : "20",
  "p_sol" : "50",
  "nw_91" : "0",
  "np_001" : "10",
  "ta_min" : "0.0(22)",
  "w_rec" : "235",
  "e" : "94",
  "np_300" : "0",
  "nv_1000" : "0",
  "evap" : "567",
  "p_mes" : "35.1",
  "n_llu" : "11",
  "n_tor" : "0",
  "w_med" : "10",
  "nt_00" : "1",
  "ti_max" : "7.9",
  "n_nie" : "0",
  "tm_mes" : "10.1",
  "tm_max" : "14.7",
  "nv_0100" : "0",
  "q_min" : "901.5(25)",
  "np_010" : "6"
}, {
  "fecha" : "2024-12",
  "indicativo" : "2661",
  "p_max" : "3.3(01)",
  "n_cub" : "9",
  "glo" : "19253",
  "hr" : "80",
  "n_gra" : "0",
  "n_fog" : "7",
  "inso" : "4.8",
  "q_max" : "931.0(15)",
  "nw_55" : "1",
  "q_mar" : "1029.3",
  "q_med" : "921.3",
  "tm_min" : "0.0",
  "ta_max" : "16.6(06)",
  "ts_min" : "8.2",
  "nt_30" : "0",
  "nv_0050" : "0",
  "n_des" : "6",
  "w_racha" : "33/18.9(07)",
  "np_100" : "0",
  "n_nub" : "16",
  "p_sol" : "53",
  "nw_91" : "0",
  "np_001" : "5",
  "ta_min" : "-6.6(30)",
  "w_rec" : "204",
  "e" : "70",
  "np_300" : "0",
  "nv_1000" : "5",
  "p_mes" : "6.5",
  "n_llu" : "6",
  "n_tor" : "0",
  "w_med" : "9",
  "nt_00" : "18",
  "ti_max" : "-0.6",
  "n_nie" : "1",
  "tm_mes" : "4.5",
  "tm_max" : "9.0",
  "nv_0100" : "0",
  "q_min" : "911.2(11)",
  "np_010" : "3"
}, {
  "fecha" : "2024-5",
  "indicativo" : "2661",
  "p_max" : "22.5(05)",
  "n_cub" : "8",
  "glo" : "71211",
  "hr" : "60",
  "n_gra" : "1",
  "n_fog" : "1",
  "inso" : "9.1",
  "q_max" : "919.8(07)",
  "nw_55" : "3",
  "q_mar" : "1013.7",
  "q_med" : "910.7",
  "tm_min" : "5.6",
  "ta_max" : "27.8(29)",
  "ts_min" : "11.1",
  "nt_30" : "0",
  "nv_0050" : "0",
  "n_des" : "0",
  "w_racha" : "26/18.6(14)",
  "np_100" : "1",
  "n_nub" : "23",
  "p_sol" : "62",
  "nw_91" : "0",
  "np_001" : "11",
  "ta_min" : "1.2(01)",
  "w_rec" : "276",
  "e" : "92",
  "np_300" : "0",
  "nv_1000" : "0",
  "evap" : "1171",
  "p_mes" : "58.2",
  "n_llu" : "11",
  "n_tor" : "3",
  "w_med" : "13",
  "nt_00" : "0",
  "ti_max" : "10.9",
  "n_nie" : "0",
  "tm_mes" : "11.9",
  "tm_max" : "18.2",
  "nv_0100" : "0",
  "q_min" : "902.4(14)",
  "np_010" : "8"
}, {
  "fecha" : "2024-8",
  "indicativo" : "2661",
  "p_max" : "8.8(29)",
  "n_cub" : "2",
  "glo" : "74993",
  "hr" : "42",
  "n_gra" : "0",
  "n_fog" : "0",
  "inso" : "11.7",
  "q_max" : "918.1(15)",
  "nw_55" : "1",
  "q_mar" : "1012.5",
  "q_med" : "913.2",
  "tm_min" : "13.5",
  "ta_max" : "36.1(10)",
  "ts_min" : "19.8",
  "nt_30" : "20",
  "nv_0050" : "0",
  "n_des" : "16",
  "w_racha" : "30/15.3(29)",
  "np_100" : "0",
  "n_nub" : "13",
  "p_sol" : "84",
  "nw_91" : "0",
  "np_001" : "4",
  "ta_min" : "7.2(15)",
  "w_rec" : "225",
  "e" : "118",
  "np_300" : "0",
  "nv_1000" : "0",
  "evap" : "2325",
  "p_mes" : "15.5",
  "n_llu" : "4",
  "n_tor" : "0",
  "w_med" : "10",
  "nt_00" : "0",
  "ti_max" : "23.4",
  "n_nie" : "0",
  "tm_mes" : "21.9",
  "tm_max" : "30.2",
  "nv_0100" : "0",
  "q_min" : "908.4(12)",
  "np_010" : "2"
}, {
  "fecha" : "2024-3",
  "indicativo" : "2661",
  "p_max" : "15.8(30)",
  "n_cub" : "7",
  "glo" : "44848",
  "hr" : "72",
  "n_gra" : "1",
  "n_fog" : "1",
  "inso" : "6.6",
  "q_max" : "920.4(16)",
  "nw_55" : "6",
  "q_mar" : "1009.3",
  "q_med" : "904.7",
  "tm_min" : "2.4",
  "ta_max" : "24.6(22)",
  "ts_min" : "9.7",
  "nt_30" : "0",
  "nv_0050" : "0",
  "n_des" : "1",
  "w_racha" : "22/26.4(27)",
  "np_100" : "3",
  "n_nub" : "23",
  "p_sol" : "55",
  "nw_91" : "1",
  "np_001" : "14",
  "ta_min" : "-1.8(06)",
  "w_rec" : "343",
  "e" : "76",
  "np_300" : "0",
  "nv_1000" : "1",
  "evap" : "848",
  "p_mes" : "74.1",
  "n_llu" : "10",
  "n_tor" : "2",
  "w_med" : "16",
  "nt_00" : "7",
  "ti_max" : "5.5",
  "n_nie" : "4",
  "tm_mes" : "7.6",
  "tm_max" : "12.9",
  "nv_0100" : "0",
  "q_min" : "883.4(27)",
  "np_010" : "11"
}, {
  "fecha" : "2024-10",
  "indicativo" : "2661",
  "p_max" : "20.7(09)",
  "n_cub" : "11",
  "glo" : "30892",
  "hr" : "78",
  "n_gra" : "1",
  "n_fog" : "5",
  "inso" : "5.0",
  "q_max" : "923.9(22)",
  "nw_55" : "2",
  "q_mar" : "1014.6",
  "q_med" : "911.4",
  "tm_min" : "8.4",
  "ta_max" : "21.6(01)",
  "ts_min" : "13.7",
  "nt_30" : "0",
  "nv_0050" : "0",
  "n_des" : "0",
  "w_racha" : "22/24.2(09)",
  "np_100" : "6",
  "n_nub" : "19",
  "p_sol" : "46",
  "nw_91" : "0",
  "np_001" : "19",
  "ta_min" : "1.1(27)",
  "w_rec" : "290",
  "e" : "120",
  "np_300" : "0",
  "nv_1000" : "2",
  "evap" : "643",
  "p_mes" : "118.6",
  "n_llu" : "20",
  "n_tor" : "2",
  "w_med" : "12",
  "nt_00" : "0",
  "ti_max" : "11.8",
  "n_nie" : "0",
  "tm_mes" : "12.9",
  "tm_max" : "17.5",
  "nv_0100" : "0",
  "q_min" : "888.6(09)",
  "np_010" : "15"
}, {
  "fecha" : "2024-4",
  "indicativo" : "2661",
  "p_max" : "11.1(02)",
  "n_cub" : "8",
  "glo" : "61197",
  "hr" : "58",
  "n_gra" : "0",
  "n_fog" : "0",
  "inso" : "8.6",
  "q_max" : "926.7(11)",
  "nw_55" : "4",
  "q_mar" : "1016.5",
  "q_med" : "912.6",
  "tm_min" : "3.8",
  "ta_max" : "27.5(12)",
  "ts_min" : "10.9",
  "nt_30" : "0",
  "nv_0050" : "0",
  "n_des" : "8",
  "w_racha" : "27/18.9(08)",
  "np_100" : "1",
  "n_nub" : "14",
  "p_sol" : "64",
  "nw_91" : "0",
  "np_001" : "10",
  "ta_min" : "-1.2(24)",
  "w_rec" : "275",
  "e" : "78",
  "np_300" : "0",
  "nv_1000" : "0",
  "evap" : "1126",
  "p_mes" : "42.9",
  "n_llu" : "11",
  "n_tor" : "0",
  "w_med" : "13",
  "nt_00" : "3",
  "ti_max" : "7.7",
  "n_nie" : "0",
  "tm_mes" : "10.5",
  "tm_max" : "17.0",
  "nv_0100" : "0",
  "q_min" : "892.2(27)",
  "np_010" : "10"
}, {
  "fecha" : "2024-13",
  "indicativo" : "2661",
  "p_max" : "28.7(25/sep)",
  "n_cub" : "84",
  "glo" : "589591",
  "hr" : "66",
  "n_gra" : "3",
  "n_fog" : "27",
  "inso" : "7.7",
  "q_max" : "932.9(24/ene)",
  "nw_55" : "35",
  "q_mar" : "1016.7",
  "q_med" : "913.1",
  "tm_min" : "6.2",
  "ta_max" : "36.1(10/ago)",
  "ts_min" : "20.7",
  "nt_30" : "35",
  "nv_0050" : "0",
  "n_des" : "61",
  "w_racha" : "22/26.4(27/mar)",
  "np_100" : "17",
  "n_nub" : "220",
  "p_sol" : "61",
  "nw_91" : "1",
  "np_001" : "120",
  "ta_min" : "-7.0(20/ene)",
  "w_rec" : "259",
  "e" : "95",
  "np_300" : "0",
  "nv_1000" : "14",
  "p_mes" : "568.0",
  "n_llu" : "124",
  "n_tor" : "17",
  "w_med" : "12",
  "nt_00" : "46",
  "ti_max" : "-0.6",
  "n_nie" : "10",
  "tm_mes" : "12.1",
  "tm_max" : "17.9",
  "nv_0100" : "1",
  "q_min" : "881.5(09/feb)",
  "np_010" : "86"
}, {
  "fecha" : "2024-2",
  "indicativo" : "2661",
  "p_max" : "15.4(26)",
  "n_cub" : "9",
  "glo" : "29410",
  "hr" : "76",
  "n_gra" : "0",
  "n_fog" : "2",
  "inso" : "6.2",
  "q_max" : "931.2(01)",
  "nw_55" : "7",
  "q_mar" : "1019.4",
  "q_med" : "913.9",
  "tm_min" : "1.8",
  "ta_max" : "18.0(19)",
  "ts_min" : "6.5",
  "nt_30" : "0",
  "nv_0050" : "0",
  "n_des" : "4",
  "w_racha" : "26/23.3(22)",
  "np_100" : "1",
  "n_nub" : "16",
  "p_sol" : "59",
  "nw_91" : "0",
  "np_001" : "11",
  "ta_min" : "-0.6(20)",
  "w_rec" : "313",
  "e" : "77",
  "np_300" : "0",
  "nv_1000" : "0",
  "evap" : "636",
  "p_mes" : "42.7",
  "n_llu" : "11",
  "n_tor" : "0",
  "w_med" : "14",
  "nt_00" : "3",
  "ti_max" : "5.6",
  "n_nie" : "3",
  "tm_mes" : "7.0",
  "tm_max" : "12.1",
  "nv_0100" : "0",
  "q_min" : "881.5(09)",
  "np_010" : "6"
}, {
  "fecha" : "2024-7",
  "indicativo" : "2661",
  "p_max" : "4.6(09)",
  "n_cub" : "1",
  "glo" : "88190",
  "hr" : "44",
  "n_gra" : "0",
  "n_fog" : "0",
  "inso" : "12.8",
  "q_max" : "919.9(01)",
  "nw_55" : "1",
  "q_mar" : "1012.6",
  "q_med" : "913.0",
  "tm_min" : "13.4",
  "ta_max" : "34.7(24)",
  "ts_min" : "20.7",
  "nt_30" : "14",
  "nv_0050" : "0",
  "n_des" : "11",
  "w_racha" : "21/21.7(30)",
  "np_100" : "0",
  "n_nub" : "19",
  "p_sol" : "86",
  "nw_91" : "0",
  "np_001" : "3",
  "ta_min" : "6.5(07)",
  "w_rec" : "233",
  "e" : "121",
  "np_300" : "0",
  "nv_1000" : "0",
  "evap" : "2281",
  "p_mes" : "11.8",
  "n_llu" : "5",
  "n_tor" : "0",
  "w_med" : "11",
  "nt_00" : "0",
  "ti_max" : "19.4",
  "n_nie" : "0",
  "tm_mes" : "21.1",
  "tm_max" : "28.8",
  "nv_0100" : "0",
  "q_min" : "906.3(05)",
  "np_010" : "3"
}, {
  "fecha" : "2024-1",
  "indicativo" : "2661",
  "p_max" : "9.9(13)",
  "n_cub" : "12",
  "glo" : "18649",
  "hr" : "85",
  "n_gra" : "0",
  "n_fog" : "8",
  "inso" : "3.7",
  "q_max" : "932.9(24)",
  "nw_55" : "2",
  "q_mar" : "1023.2",
  "q_med" : "916.2",
  "tm_min" : "0.7",
  "ta_max" : "16.7(31)",
  "ts_min" : "7.2",
  "nt_30" : "0",
  "nv_0050" : "0",
  "n_des" : "3",
  "w_racha" : "22/18.6(17)",
  "np_100" : "0",
  "n_nub" : "16",
  "p_sol" : "39",
  "nw_91" : "0",
  "np_001" : "14",
  "ta_min" : "-7.0(20)",
  "w_rec" : "211",
  "e" : "76",
  "np_300" : "0",
  "nv_1000" : "6",
  "p_mes" : "39.0",
  "n_llu" : "10",
  "n_tor" : "0",
  "w_med" : "9",
  "nt_00" : "14",
  "ti_max" : "2.8",
  "n_nie" : "2",
  "tm_mes" : "4.9",
  "tm_max" : "9.0",
  "nv_0100" : "1",
  "q_min" : "891.2(17)",
  "np_010" : "7"
}, {
  "fecha" : "2024-9",
  "indicativo" : "2661",
  "p_max" : "28.7(25)",
  "n_cub" : "5",
  "glo" : "53888",
  "hr" : "59",
  "n_gra" : "0",
  "n_fog" : "1",
  "inso" : "8.7",
  "q_max" : "921.1(28)",
  "nw_55" : "2",
  "q_mar" : "1014.9",
  "q_med" : "912.5",
  "tm_min" : "8.2",
  "ta_max" : "27.5(16)",
  "ts_min" : "13.4",
  "nt_30" : "0",
  "nv_0050" : "0",
  "n_des" : "5",
  "w_racha" : "99/20.6(26)",
  "np_100" : "1",
  "n_nub" : "20",
  "p_sol" : "70",
  "nw_91" : "0",
  "np_001" : "9",
  "ta_min" : "2.9(14)",
  "w_rec" : "258",
  "e" : "102",
  "np_300" : "0",
  "nv_1000" : "0",
  "evap" : "1316",
  "p_mes" : "49.0",
  "n_llu" : "11",
  "n_tor" : "2",
  "w_med" : "11",
  "nt_00" : "0",
  "ti_max" : "14.9",
  "n_nie" : "0",
  "tm_mes" : "15.0",
  "tm_max" : "21.7",
  "nv_0100" : "0",
  "q_min" : "900.3(26)",
  "np_010" : "7"
}, {
  "fecha" : "2024-6",
  "indicativo" : "2661",
  "p_max" : "18.6(08)",
  "n_cub" : "5",
  "glo" : "74925",
  "hr" : "56",
  "n_gra" : "0",
  "n_fog" : "0",
  "inso" : "10.1",
  "q_max" : "918.9(22)",
  "nw_55" : "3",
  "q_mar" : "1012.9",
  "q_med" : "911.7",
  "tm_min" : "10.5",
  "ta_max" : "30.0(27)",
  "ts_min" : "17.0",
  "nt_30" : "1",
  "nv_0050" : "0",
  "n_des" : "4",
  "w_racha" : "17/24.2(07)",
  "np_100" : "3",
  "n_nub" : "21",
  "p_sol" : "66",
  "nw_91" : "0",
  "np_001" : "10",
  "ta_min" : "3.7(02)",
  "w_rec" : "247",
  "e" : "119",
  "np_300" : "0",
  "nv_1000" : "0",
  "evap" : "1455",
  "p_mes" : "74.6",
  "n_llu" : "14",
  "n_tor" : "8",
  "w_med" : "11",
  "nt_00" : "0",
  "ti_max" : "18.5",
  "n_nie" : "0",
  "tm_mes" : "17.2",
  "tm_max" : "23.8",
  "nv_0100" : "0",
  "q_min" : "905.3(25)",
  "np_010" : "8"
} ]
